file,outcome,rgb,lab,hue,saturation,valueChannel,sampleCount,registrationConfidence,detectionConfidence,best,second,bestComposite,secondComposite,margin,withinFamily,acceptanceThreshold,minimumRequiredMargin,reason,accepted,value,status
"A-W 1min (9-30-26)/IMG_20260930_231455_174.jpg","USABLE","[162,154,145]","","31.764705882352928","0.10493827160493825","0.6352941176470588","8611","0.840650863438222","0.8316882889363973","0","1","2.196053988397114","2.3625774774610324","0.16652348906391845","true","1.5","0.2","OUTSIDE_COMPOSITE_ACCEPTANCE_THRESHOLD","false","","NITRITE_OUTSIDE_CALIBRATION_RANGE"
"A-W 1min (9-30-26)/IMG_20260930_231521_469.jpg","USABLE","[165,162,155]","","41.99999999999994","0.06060606060606073","0.6470588235294118","9012","0.8363990505026924","0.8087500441476315","0","1","1.767384849709206","2.2126833696084347","0.44529851989922875","true","1.5","0.2","OUTSIDE_COMPOSITE_ACCEPTANCE_THRESHOLD","false","","NITRITE_IMAGE_QUALITY_INSUFFICIENT"
"A-W 1min (9-30-26)/IMG_20260930_231538_259.jpg","USABLE","[161,156,150]","","32.727272727272805","0.06832298136645956","0.6313725490196078","8767","0.8539565332931887","0.8473603246923537","0","1","1.8977595662999551","2.322908548171404","0.4251489818714487","true","1.5","0.2","OUTSIDE_COMPOSITE_ACCEPTANCE_THRESHOLD","false","","NITRITE_IMAGE_QUALITY_INSUFFICIENT"
"A-W 1min (9-30-26)/IMG_20260930_231554_752.jpg","USABLE","[166,160,153]","","32.30769230769232","0.07831325301204825","0.6509803921568628","8774","0.8202517354387402","0.8351583686792712","0","1","1.7750846009479264","2.092883577807779","0.3177989768598526","true","1.5","0.2","OUTSIDE_COMPOSITE_ACCEPTANCE_THRESHOLD","false","","NITRITE_IMAGE_QUALITY_INSUFFICIENT"
"A-W 1min (9-30-26)/IMG_20260930_231609_593.jpg","USABLE","[161,156,152]","","26.666666666666742","0.0559006211180124","0.6313725490196078","8916","0.8323112531371291","0.8399141025252889","0","1","1.7365842079638725","2.2751861288833113","0.5386019209194388","true","1.5","0.2","OUTSIDE_COMPOSITE_ACCEPTANCE_THRESHOLD","false","","NITRITE_IMAGE_QUALITY_INSUFFICIENT"
"A-W 1min (9-30-26)/IMG_20260930_231629_961.jpg","USABLE","[163,156,148]","","32.00000000000006","0.09202453987730047","0.6392156862745098","9196","0.8635096767502225","0.8707071043228731","0","1","2.0270302706854157","2.266664559379863","0.23963428869444714","true","1.5","0.2","OUTSIDE_COMPOSITE_ACCEPTANCE_THRESHOLD","false","","NITRITE_OUTSIDE_CALIBRATION_RANGE"
"A-W 1min (9-30-26)/IMG_20260930_231642_295.jpg","USABLE","[170,163,152]","","36.66666666666663","0.10588235294117643","0.6666666666666666","10880","0.8335871361589418","0.7623244104320605","0","1","1.9736225089210206","2.0805722302248433","0.10694972130382263","true","1.5","0.2","OUTSIDE_COMPOSITE_ACCEPTANCE_THRESHOLD","false","","NITRITE_OUTSIDE_CALIBRATION_RANGE"
"A-W 1min (9-30-26)/IMG_20260930_231704_325.jpg","USABLE","[170,153,146]","","17.5","0.1411764705882353","0.6666666666666666","9215","0.8362531431751095","0.8375728608001292","1","0","2.05924062870094","2.1306903491938716","0.07144972049293141","false","1.5","0.2","OUTSIDE_REFERENCE_COLOR_FAMILY","false","","NITRITE_OUTSIDE_CALIBRATION_RANGE"
"A-W 1min (9-30-26)/IMG_20260930_231715_720.jpg","USABLE","[159,153,148]","","27.272727272727195","0.06918238993710685","0.6235294117647059","9892","0.8461740352918933","0.8014324789539867","0","1","1.9396212153191454","2.375444321953171","0.4358231066340257","true","1.5","0.2","OUTSIDE_COMPOSITE_ACCEPTANCE_THRESHOLD","false","","NITRITE_IMAGE_QUALITY_INSUFFICIENT"
"A-W 1min (9-30-26)/IMG_20260930_231729_289.jpg","USABLE","[161,159,155]","","40.000000000000114","0.03726708074534166","0.6313725490196078","9606","0.8901932427722421","0.8302435252357242","0","1","1.7067436920694732","2.3581553335422965","0.6514116414728233","true","1.5","0.2","OUTSIDE_COMPOSITE_ACCEPTANCE_THRESHOLD","false","","NITRITE_IMAGE_QUALITY_INSUFFICIENT"
"A-W 1min (9-30-26)/IMG_20260930_231745_528.jpg","USABLE","[163,159,154]","","33.33333333333343","0.05521472392638035","0.6392156862745098","9091","0.8228387684852998","0.8347191672926046","0","1","1.7059465146866633","2.2237827037139564","0.5178361890272931","true","1.5","0.2","OUTSIDE_COMPOSITE_ACCEPTANCE_THRESHOLD","false","","NITRITE_IMAGE_QUALITY_INSUFFICIENT"
"A-W 1min (9-30-26)/IMG_20260930_231757_543.jpg","USABLE","[160,156,151]","","33.33333333333343","0.05624999999999998","0.6274509803921569","9634","0.8343993757468415","0.7848605885648559","0","1","1.8450319768382848","2.369191161660378","0.524159184822093","true","1.5","0.2","OUTSIDE_COMPOSITE_ACCEPTANCE_THRESHOLD","false","","NITRITE_IMAGE_QUALITY_INSUFFICIENT"
"A-W 1min (9-30-26)/IMG_20260930_231813_359.jpg","USABLE","[159,154,147]","","35","0.07547169811320764","0.6235294117647059","9179","0.843063208779662","0.8690509602932147","0","1","2.075218326421322","2.4540193792107745","0.37880105278945253","true","1.5","0.2","OUTSIDE_COMPOSITE_ACCEPTANCE_THRESHOLD","false","","NITRITE_IMAGE_QUALITY_INSUFFICIENT"
"A-W 1min (9-30-26)/IMG_20260930_231827_611.jpg","USABLE","[172,168,163]","","33.333333333333314","0.05232558139534898","0.6745098039215687","9651","0.8470599289313822","0.8305961575768203","0","1","1.3288665115450222","1.8096570650718806","0.4807905535268584","true","1.5","0.2","ACCEPTED_WITH_COMPOSITE_DISTANCE_AND_MARGIN","true","0 ppm","Estimated"
"A-W 1min (9-30-26)/IMG_20260930_231838_339.jpg","USABLE","[174,136,121]","","16.98113207547169","0.30459770114942536","0.6823529411764706","9747","0.8423290358416303","0.811835840176888","1","0","4.007560698206443","4.232194982006722","0.22463428380027928","false","1.5","0.2","OUTSIDE_REFERENCE_COLOR_FAMILY","false","","NITRITE_OUTSIDE_CALIBRATION_RANGE"
"A-W 20min (9-30-26)/IMG_20260930_234200_085.jpg","USABLE","[184,171,165]","","18.9473684210526","0.10326086956521734","0.7215686274509804","8470","0.832679555719634","0.8317167047188795","1","0","1.1202702431106912","1.2474572552124987","0.1271870121018075","true","1.5","0.2","AMBIGUOUS_RUNNER_UP_MARGIN","false","","NITRITE_MEASUREMENT_UNRELIABLE"
"A-W 20min (9-30-26)/IMG_20260930_234237_081.jpg","USABLE","[175,169,162]","","32.30769230769232","0.07428571428571434","0.6862745098039216","8819","0.8460113786112209","0.8731062643927816","0","1","1.4100803375998394","1.6783947125223755","0.26831437492253607","true","1.5","0.2","ACCEPTED_WITH_COMPOSITE_DISTANCE_AND_MARGIN","true","0 ppm","Estimated"
"A-W 20min (9-30-26)/IMG_20260930_234247_335.jpg","USABLE","[175,172,167]","","37.50000000000006","0.045714285714285714","0.6862745098039216","9288","0.8859920168507884","0.869074640231112","0","1","1.2258073735730213","1.7191656284044623","0.493358254831441","true","1.5","0.2","ACCEPTED_WITH_COMPOSITE_DISTANCE_AND_MARGIN","true","0 ppm","Estimated"
"A-W 20min (9-30-26)/IMG_20260930_234257_372.jpg","USABLE","[180,176,169]","","38.18181818181813","0.061111111111111206","0.7058823529411765","8840","0.8407951506296498","0.8009332068125681","0","1","1.2564224376983149","1.5385328895158432","0.28211045181752836","true","1.5","0.2","ACCEPTED_WITH_COMPOSITE_DISTANCE_AND_MARGIN","true","0 ppm","Estimated"
"A-W 20min (9-30-26)/IMG_20260930_234306_522.jpg","USABLE","[176,172,164]","","40.00000000000006","0.06818181818181811","0.6901960784313725","9263","0.845365308798345","0.8526140643606133","0","1","1.441769790033853","1.733321320614419","0.2915515305805658","true","1.5","0.2","ACCEPTED_WITH_COMPOSITE_DISTANCE_AND_MARGIN","true","0 ppm","Estimated"
"A-W 20min (9-30-26)/IMG_20260930_234315_248.jpg","USABLE","[178,174,165]","","41.53846153846155","0.07303370786516844","0.6980392156862745","8914","0.8457772125896383","0.8797849742764581","0","1","1.4689004551928464","1.6913330171553518","0.22243256196250538","true","1.5","0.2","ACCEPTED_WITH_COMPOSITE_DISTANCE_AND_MARGIN","true","0 ppm","Estimated"
"A-W 20min (9-30-26)/IMG_20260930_234324_537.jpg","USABLE","[187,179,172]","","27.999999999999943","0.08021390374331538","0.7333333333333333","9210","0.8694521349114599","0.8715259537210757","1","0","1.131360480741553","1.1973173676968984","0.06595688695534552","true","1.5","0.2","AMBIGUOUS_RUNNER_UP_MARGIN","false","","NITRITE_MEASUREMENT_UNRELIABLE"
"A-W 20min (9-30-26)/IMG_20260930_234334_889.jpg","USABLE","[190,164,145]","","25.33333333333337","0.23684210526315794","0.7450980392156863","9743","0.8300837574266736","0.8252698765163826","1","0","2.374745360444185","2.8522166486501774","0.4774712882059924","true","1.5","0.2","OUTSIDE_COMPOSITE_ACCEPTANCE_THRESHOLD","false","","NITRITE_OUTSIDE_CALIBRATION_RANGE"
"A-W 20min (9-30-26)/IMG_20260930_234356_376.jpg","USABLE","[186,180,173]","","32.30769230769238","0.06989247311827948","0.7294117647058823","8756","0.8412240833355963","0.8414031539474102","0","1","1.2062728296602387","1.2402490923732166","0.03397626271297782","true","1.5","0.2","AMBIGUOUS_RUNNER_UP_MARGIN","false","","NITRITE_IMAGE_QUALITY_INSUFFICIENT"
"A-W 20min (9-30-26)/IMG_20260930_234412_014.jpg","USABLE","[189,184,177]","","35","0.06349206349206356","0.7411764705882353","9230","0.8583383692514457","0.7928245345149071","1","0","1.1925309474347745","1.2856459337745865","0.09311498633981197","true","1.5","0.2","AMBIGUOUS_RUNNER_UP_MARGIN","false","","NITRITE_IMAGE_QUALITY_INSUFFICIENT"
"A-W 20min (9-30-26)/IMG_20260930_234422_316.jpg","USABLE","[178,174,169]","","33.33333333333343","0.050561797752808973","0.6980392156862745","8739","0.8473017166613027","0.8153215633237254","0","1","1.133781164705886","1.5581082258975687","0.42432706119168273","true","1.5","0.2","ACCEPTED_WITH_COMPOSITE_DISTANCE_AND_MARGIN","true","0 ppm","Estimated"
"A-W 20min (9-30-26)/IMG_20260930_234434_165.jpg","USABLE","[178,167,159]","","25.263157894736878","0.1067415730337078","0.6980392156862745","8409","0.8409093966144046","0.8362272824433017","1","0","1.5154622167091547","1.532011329141312","0.016549112432157287","true","1.5","0.2","OUTSIDE_COMPOSITE_ACCEPTANCE_THRESHOLD","false","","NITRITE_OUTSIDE_CALIBRATION_RANGE"
"A-W 20min (9-30-26)/IMG_20260930_234447_534.jpg","USABLE","[176,175,170]","","50.00000000000006","0.03409090909090913","0.6901960784313725","9446","0.8317868971112597","0.8101039266998336","0","1","1.2268897892589699","1.7662012770156734","0.5393114877567036","true","1.5","0.2","ACCEPTED_WITH_COMPOSITE_DISTANCE_AND_MARGIN","true","0 ppm","Estimated"
"A-W 20min (9-30-26)/IMG_20260930_234457_204.jpg","USABLE","[187,181,174]","","32.30769230769238","0.06951871657754001","0.7333333333333333","8958","0.8462443648465734","0.8831351943746988","1","0","1.206446613827431","1.2183077359784005","0.011861122150969461","true","1.5","0.2","AMBIGUOUS_RUNNER_UP_MARGIN","false","","NITRITE_IMAGE_QUALITY_INSUFFICIENT"
"A-W 20min (9-30-26)/IMG_20260930_234509_649.jpg","USABLE","[188,181,170]","","36.666666666666686","0.09574468085106394","0.7372549019607844","9529","0.839249793599748","0.8153441211381655","1","0","1.3228674260157793","1.5269451196259203","0.20407769361014094","true","1.5","0.2","ACCEPTED_WITH_COMPOSITE_DISTANCE_AND_MARGIN","true","1 ppm","Estimated"
"AA-PS 1min (9-30-26)/IMG_20260930_223737_993.jpg","USABLE","[173,169,165]","","29.999999999999886","0.046242774566473986","0.6784313725490196","8294","0.8412433072621283","0.856033174832512","0","1","1.210059431496746","1.7439022625448117","0.5338428310480656","true","1.5","0.2","ACCEPTED_WITH_COMPOSITE_DISTANCE_AND_MARGIN","true","0 ppm","Estimated"
"AA-PS 1min (9-30-26)/IMG_20260930_223755_628.jpg","USABLE","[165,162,158]","","34.285714285714164","0.04242424242424244","0.6470588235294118","8734","0.8181298636452679","0.8315313570140074","0","1","1.530732873028312","2.1379254928234697","0.6071926197951576","true","1.5","0.2","OUTSIDE_COMPOSITE_ACCEPTANCE_THRESHOLD","false","","NITRITE_IMAGE_QUALITY_INSUFFICIENT"
"AA-PS 1min (9-30-26)/IMG_20260930_223811_990.jpg","USABLE","[164,169,165]","","132","0.02958579881656794","0.6627450980392157","1438","0.7982276944499704","0.7099459388059287","0","0.5","1.7197302553897902","2.351827153076448","0.6320968976866579","true","1.5","0.2","OUTSIDE_COMPOSITE_ACCEPTANCE_THRESHOLD","false","","NITRITE_IMAGE_QUALITY_INSUFFICIENT"
"AA-PS 1min (9-30-26)/IMG_20260930_223829_397.jpg","USABLE","[166,156,141]","","36","0.1506024096385542","0.6509803921568628","9002","0.8631662323421627","0.8522187948469675","1","0","2.5711572324929204","2.603557178826575","0.032399946333654395","false","1.5","0.2","OUTSIDE_REFERENCE_COLOR_FAMILY","false","","NITRITE_OUTSIDE_CALIBRATION_RANGE"
"AA-PS 1min (9-30-26)/IMG_20260930_223847_111.jpg","USABLE","[171,158,147]","","27.500000000000057","0.14035087719298248","0.6705882352941176","9015","0.829765314522621","0.7859364464537865","1","0","2.101724292180523","2.1729390589534927","0.0712147667729699","false","1.5","0.2","OUTSIDE_REFERENCE_COLOR_FAMILY","false","","NITRITE_OUTSIDE_CALIBRATION_RANGE"
"AA-PS 1min (9-30-26)/IMG_20260930_223911_161.jpg","USABLE","[168,156,127]","","42.4390243902439","0.244047619047619","0.6588235294117647","9091","0.8354560926575189","0.8263518644459752","1","0","3.5935873737520025","3.786921343756591","0.19333397000458863","false","1.5","0.2","OUTSIDE_REFERENCE_COLOR_FAMILY","false","","NITRITE_OUTSIDE_CALIBRATION_RANGE"
"AA-PS 1min (9-30-26)/IMG_20260930_223925_317.jpg","USABLE","[166,160,154]","","30","0.0722891566265061","0.6509803921568628","8499","0.8332821240256045","0.857333435509637","0","1","1.6906012800884582","2.058574132561039","0.36797285247258094","true","1.5","0.2","OUTSIDE_COMPOSITE_ACCEPTANCE_THRESHOLD","false","","NITRITE_IMAGE_QUALITY_INSUFFICIENT"
"AA-PS 1min (9-30-26)/IMG_20260930_223945_565.jpg","USABLE","[170,163,157]","","27.692307692307622","0.07647058823529401","0.6666666666666666","8594","0.8478884881664921","0.871481098365309","0","1","1.5408977179404335","1.8471683723430425","0.30627065440260903","true","1.5","0.2","OUTSIDE_COMPOSITE_ACCEPTANCE_THRESHOLD","false","","NITRITE_IMAGE_QUALITY_INSUFFICIENT"
"AA-PS 1min (9-30-26)/IMG_20260930_223958_005.jpg","USABLE","[174,178,173]","","108","0.02808988764044934","0.6980392156862745","1648","0.7819514367642799","0.766122683095165","0","1","1.4440558010028461","2.088403130261717","0.6443473292588708","true","1.5","0.2","ACCEPTED_WITH_COMPOSITE_DISTANCE_AND_MARGIN","true","0 ppm","Estimated"
"AA-PS 1min (9-30-26)/IMG_20260930_224024_137.jpg","USABLE","[169,160,152]","","28.235294117647072","0.10059171597633135","0.6627450980392157","9321","0.820894157516677","0.818303866081777","0","1","1.8227769904405786","1.9556294460731485","0.13285245563256987","true","1.5","0.2","OUTSIDE_COMPOSITE_ACCEPTANCE_THRESHOLD","false","","NITRITE_OUTSIDE_CALIBRATION_RANGE"
"AA-PS 1min (9-30-26)/IMG_20260930_224037_870.jpg","NO_ROI","","","","","","","","","","","","","","","","","NITRITE_ROI_INVALID","","",""
"AA-PS 1min (9-30-26)/IMG_20260930_224051_514.jpg","USABLE","[171,165,162]","","20.000000000000114","0.052631578947368404","0.6705882352941176","8823","0.8219856389218712","0.7587637267069728","0","1","1.2234383233964603","1.7540163375146591","0.5305780141181988","true","1.5","0.2","ACCEPTED_WITH_COMPOSITE_DISTANCE_AND_MARGIN","true","0 ppm","Estimated"
"AA-PS 1min (9-30-26)/IMG_20260930_224111_646.jpg","USABLE","[180,174,164]","","37.5","0.08888888888888888","0.7058823529411765","8745","0.864158319662885","0.8769428007889546","0","1","1.5194658767154474","1.5993852335532994","0.07991935683785201","true","1.5","0.2","OUTSIDE_COMPOSITE_ACCEPTANCE_THRESHOLD","false","","NITRITE_OUTSIDE_CALIBRATION_RANGE"
"AA-PS 1min (9-30-26)/IMG_20260930_224124_760.jpg","USABLE","[176,170,165]","","27.272727272727195","0.06249999999999994","0.6901960784313725","8306","0.8376208021881163","0.8623358373631316","0","1","1.2014328206457483","1.5702612703672154","0.3688284497214671","true","1.5","0.2","ACCEPTED_WITH_COMPOSITE_DISTANCE_AND_MARGIN","true","0 ppm","Estimated"
"AA-PS 1min (9-30-26)/IMG_20260930_224139_922.jpg","USABLE","[177,166,135]","","44.28571428571428","0.23728813559322032","0.6941176470588235","9580","0.8322583596507672","0.7116624747775688","1","0","3.2552023279293603","3.5298331503528195","0.27463082242345926","false","1.5","0.2","OUTSIDE_REFERENCE_COLOR_FAMILY","false","","NITRITE_OUTSIDE_CALIBRATION_RANGE"
"AA-PS 20 mins (9-30-26)/IMG_20260930_230800_760.jpg","USABLE","[167,160,158]","","13.333333333333314","0.053892215568862256","0.6549019607843137","8992","0.8414034713476057","0.8173532091708389","0","1","1.3426416980121905","1.9099946577637452","0.5673529597515548","true","1.5","0.2","ACCEPTED_WITH_COMPOSITE_DISTANCE_AND_MARGIN","true","0 ppm","Estimated"
"AA-PS 20 mins (9-30-26)/IMG_20260930_230815_963.jpg","USABLE","[166,163,161]","","23.999999999999886","0.030120481927710906","0.6509803921568628","8692","0.8259353178264563","0.8585681287096113","0","0.5","1.3390903126815397","2.0148220926930622","0.6757317800115226","true","1.5","0.2","ACCEPTED_WITH_COMPOSITE_DISTANCE_AND_MARGIN","true","0 ppm","Estimated"
"AA-PS 20 mins (9-30-26)/IMG_20260930_230834_346.jpg","USABLE","[156,161,158]","","144","0.031055900621117905","0.6313725490196078","1265","0.7357213334779522","0.6802884996871427","0","0.5","1.9581653744992817","2.6164438434421826","0.6582784689429009","true","1.5","0.2","OUTSIDE_COMPOSITE_ACCEPTANCE_THRESHOLD","false","","NITRITE_IMAGE_QUALITY_INSUFFICIENT"
"AA-PS 20 mins (9-30-26)/IMG_20260930_230851_036.jpg","USABLE","[167,155,143]","","29.999999999999943","0.1437125748502994","0.6549019607843137","9726","0.858258276389246","0.7819689446741283","1","0","2.3561173295119753","2.393092339663729","0.03697501015175364","false","1.5","0.2","OUTSIDE_REFERENCE_COLOR_FAMILY","false","","NITRITE_OUTSIDE_CALIBRATION_RANGE"
"AA-PS 20 mins (9-30-26)/IMG_20260930_230915_953.jpg","USABLE","[172,156,145]","","24.444444444444457","0.1569767441860466","0.6745098039215687","10763","0.8460906050436525","0.5892192121090098","1","0","2.1674815358942596","2.294556376379649","0.1270748404853892","false","1.5","0.2","OUTSIDE_REFERENCE_COLOR_FAMILY","false","","NITRITE_OUTSIDE_CALIBRATION_RANGE"
"AA-PS 20 mins (9-30-26)/IMG_20260930_230936_433.jpg","USABLE","[173,159,133]","","39","0.23121387283236994","0.6784313725490196","9487","0.8255932871526308","0.8144802465394173","1","0","3.1769248496181377","3.41110010062603","0.23417525100789227","false","1.5","0.2","OUTSIDE_REFERENCE_COLOR_FAMILY","false","","NITRITE_OUTSIDE_CALIBRATION_RANGE"
"AA-PS 20 mins (9-30-26)/IMG_20260930_230952_312.jpg","USABLE","[179,174,170]","","26.666666666666742","0.05027932960893853","0.7019607843137254","9468","0.8352481943525926","0.8018586426375302","0","1","1.0211855634648235","1.4559538782080528","0.4347683147432293","true","1.5","0.2","ACCEPTED_WITH_COMPOSITE_DISTANCE_AND_MARGIN","true","0 ppm","Estimated"
"AA-PS 20 mins (9-30-26)/IMG_20260930_231005_947.jpg","USABLE","[170,163,162]","","7.5","0.047058823529411764","0.6666666666666666","9234","0.8248677341874545","0.8408382305451776","0","1","1.1268611051035238","1.7608981387770555","0.6340370336735317","true","1.5","0.2","ACCEPTED_WITH_COMPOSITE_DISTANCE_AND_MARGIN","true","0 ppm","Estimated"
"AA-PS 20 mins (9-30-26)/IMG_20260930_231017_995.jpg","USABLE","[186,177,178]","","353.33333333333337","0.04838709677419353","0.7294117647058823","9331","0.8542695803208283","0.8264620868729072","0","1","0.5658786364148656","1.0062193970465396","0.44034076063167404","true","1.5","0.2","ACCEPTED_WITH_COMPOSITE_DISTANCE_AND_MARGIN","true","0 ppm","Estimated"
"AA-PS 20 mins (9-30-26)/IMG_20260930_231030_324.jpg","USABLE","[170,160,155]","","20.000000000000057","0.08823529411764708","0.6666666666666666","9607","0.8462604020727078","0.85832219191647","0","1","1.5608217079166986","1.768816580111019","0.20799487219432033","true","1.5","0.2","OUTSIDE_COMPOSITE_ACCEPTANCE_THRESHOLD","false","","NITRITE_OUTSIDE_CALIBRATION_RANGE"
"AA-PS 20 mins (9-30-26)/IMG_20260930_231042_928.jpg","USABLE","[169,163,161]","","14.999999999999943","0.047337278106508875","0.6627450980392157","9470","0.8393430236471453","0.8476975462797791","0","1","1.2290667192324591","1.8374276580183728","0.6083609387859137","true","1.5","0.2","ACCEPTED_WITH_COMPOSITE_DISTANCE_AND_MARGIN","true","0 ppm","Estimated"
"AA-PS 20 mins (9-30-26)/IMG_20260930_231056_775.jpg","USABLE","[175,168,169]","","351.42857142857144","0.04000000000000002","0.6862745098039216","9137","0.8088724987042978","0.7678210780655345","0","0.5","0.761731187663604","1.4367049004823906","0.6749737128187866","true","1.5","0.2","ACCEPTED_WITH_COMPOSITE_DISTANCE_AND_MARGIN","true","0 ppm","Estimated"
"AA-PS 20 mins (9-30-26)/IMG_20260930_231109_996.jpg","USABLE","[176,165,161]","","16.000000000000057","0.08522727272727275","0.6901960784313725","9454","0.8629535531658038","0.8403509931015594","0","1","1.2577255475311306","1.4315424987981469","0.17381695126701624","true","1.5","0.2","AMBIGUOUS_RUNNER_UP_MARGIN","false","","NITRITE_MEASUREMENT_UNRELIABLE"
"AA-PS 20 mins (9-30-26)/IMG_20260930_231216_797.jpg","USABLE","[178,165,139]","","40","0.21910112359550565","0.6980392156862745","11072","0.7953449058605389","0.7174450236959673","1","0","2.8881285018210385","3.1636651806384557","0.27553667881741717","false","1.5","0.2","OUTSIDE_REFERENCE_COLOR_FAMILY","false","","NITRITE_OUTSIDE_CALIBRATION_RANGE"
"AA-PS 20 mins (9-30-26)/IMG_20260930_231230_208.jpg","USABLE","[172,164,165]","","352.5","0.046511627906976744","0.6745098039215687","8769","0.8425571941156158","0.8682894736842106","0","0.5","0.909258996617532","1.553157175223122","0.64389817860559","true","1.5","0.2","ACCEPTED_WITH_COMPOSITE_DISTANCE_AND_MARGIN","true","0 ppm","Estimated"
"C-FS 1min (9-30-26)/IMG_20260930_232338_567.jpg","USABLE","[163,150,147]","","11.250000000000057","0.09815950920245399","0.6392156862745098","9101","0.8239537479254573","0.8391458296895699","0","1","1.917553062906754","2.061479155658334","0.14392609275157997","true","1.5","0.2","OUTSIDE_COMPOSITE_ACCEPTANCE_THRESHOLD","false","","NITRITE_OUTSIDE_CALIBRATION_RANGE"
"C-FS 1min (9-30-26)/IMG_20260930_232357_354.jpg","USABLE","[159,146,122]","","38.918918918918905","0.23270440251572325","0.6235294117647059","9013","0.8259591707710059","0.7608606281761219","1","0","3.748972852125737","3.862625674439815","0.11365282231407825","false","1.5","0.2","OUTSIDE_REFERENCE_COLOR_FAMILY","false","","NITRITE_OUTSIDE_CALIBRATION_RANGE"
"C-FS 1min (9-30-26)/IMG_20260930_232409_061.jpg","USABLE","[163,157,146]","","38.82352941176475","0.10429447852760734","0.6392156862745098","9726","0.8360404202951476","0.8339465814682387","0","1","2.249978799752743","2.4255487851842887","0.17556998543154556","true","1.5","0.2","OUTSIDE_COMPOSITE_ACCEPTANCE_THRESHOLD","false","","NITRITE_OUTSIDE_CALIBRATION_RANGE"
"C-FS 1min (9-30-26)/IMG_20260930_232422_607.jpg","USABLE","[169,160,150]","","31.57894736842104","0.11242603550295852","0.6627450980392157","9629","0.8576838382597134","0.8560520863461406","0","1","1.9962288649283089","2.0675965117416117","0.07136764681330288","true","1.5","0.2","OUTSIDE_COMPOSITE_ACCEPTANCE_THRESHOLD","false","","NITRITE_OUTSIDE_CALIBRATION_RANGE"
"C-FS 1min (9-30-26)/IMG_20260930_232433_379.jpg","USABLE","[165,157,151]","","25.714285714285722","0.08484848484848488","0.6470588235294118","9129","0.8431049227279321","0.8124872814686217","0","1","1.7981772218375942","2.074205990782881","0.27602876894528694","true","1.5","0.2","OUTSIDE_COMPOSITE_ACCEPTANCE_THRESHOLD","false","","NITRITE_OUTSIDE_CALIBRATION_RANGE"
"C-FS 1min (9-30-26)/IMG_20260930_232445_033.jpg","USABLE","[160,154,145]","","36","0.09375000000000003","0.6274509803921569","9894","0.813758552459543","0.7976296846258532","0","1","2.221928458280336","2.4726171870161475","0.2506887287358115","false","1.5","0.2","OUTSIDE_REFERENCE_COLOR_FAMILY","false","","NITRITE_OUTSIDE_CALIBRATION_RANGE"
"C-FS 1min (9-30-26)/IMG_20260930_232457_548.jpg","NO_ROI","","","","","","","","","","","","","","","","","PH_ROI_INVALID","","",""
"C-FS 1min (9-30-26)/IMG_20260930_232508_770.jpg","USABLE","[167,162,157]","","29.999999999999886","0.05988023952095804","0.6549019607843137","9890","0.8236050830523791","0.7678073791074999","0","1","1.5426341988418548","2.0070295214842053","0.4643953226423505","true","1.5","0.2","OUTSIDE_COMPOSITE_ACCEPTANCE_THRESHOLD","false","","NITRITE_IMAGE_QUALITY_INSUFFICIENT"
"C-FS 1min (9-30-26)/IMG_20260930_232522_647.jpg","USABLE","[170,161,159]","","10.909090909090878","0.06470588235294111","0.6666666666666666","9434","0.83595586555222","0.8225276899452633","0","1","1.2696282989311538","1.7222810944400588","0.452652795508905","true","1.5","0.2","ACCEPTED_WITH_COMPOSITE_DISTANCE_AND_MARGIN","true","0 ppm","Estimated"
"C-FS 1min (9-30-26)/IMG_20260930_232540_255.jpg","NO_ROI","","","","","","","","","","","","","","","","","NITRITE_ROI_INVALID","","",""
"C-FS 1min (9-30-26)/IMG_20260930_232602_165.jpg","USABLE","[164,152,133]","","36.774193548387075","0.18902439024390244","0.6431372549019608","9028","0.8405185297848792","0.8494977165503839","1","0","3.038496175354023","3.133794879270823","0.09529870391679962","false","1.5","0.2","OUTSIDE_REFERENCE_COLOR_FAMILY","false","","NITRITE_OUTSIDE_CALIBRATION_RANGE"
"C-FS 1min (9-30-26)/IMG_20260930_232616_765.jpg","USABLE","[157,136,94]","","40","0.4012738853503185","0.615686274509804","8950","0.841652200322383","0.7933509053354393","1","0","5.787762229563877","6.012522534918645","0.224760305354768","false","1.5","0.2","OUTSIDE_REFERENCE_COLOR_FAMILY","false","","NITRITE_OUTSIDE_CALIBRATION_RANGE"
"C-FS 1min (9-30-26)/IMG_20260930_232629_603.jpg","USABLE","[171,158,142]","","33.10344827586209","0.1695906432748537","0.6705882352941176","9822","0.8405052841501359","0.770189821487815","1","0","2.4705005331205636","2.602022058950827","0.13152152583026355","false","1.5","0.2","OUTSIDE_REFERENCE_COLOR_FAMILY","false","","NITRITE_OUTSIDE_CALIBRATION_RANGE"
"C-FS 1min (9-30-26)/IMG_20260930_232645_803.jpg","NO_ROI","","","","","","","","","","","","","","","","","NITRITE_ROI_INVALID","","",""
"C-FS 1min (9-30-26)/IMG_20260930_232701_283.jpg","USABLE","[162,149,148]","","4.285714285714278","0.08641975308641962","0.6352941176470588","9204","0.846805177164465","0.8414010712470984","0","1","1.8274739816725851","2.075282069511643","0.24780808783905806","true","1.5","0.2","OUTSIDE_COMPOSITE_ACCEPTANCE_THRESHOLD","false","","NITRITE_OUTSIDE_CALIBRATION_RANGE"
"C-FS 20min (9-30-26)/IMG_20260930_234801_855.jpg","USABLE","[175,159,155]","","12.000000000000057","0.11428571428571437","0.6862745098039216","9750","0.836336346769815","0.8540143569974235","1","0","1.5351421567523047","1.5853531333619906","0.050210976609685876","false","1.5","0.2","OUTSIDE_REFERENCE_COLOR_FAMILY","false","","NITRITE_OUTSIDE_CALIBRATION_RANGE"
"C-FS 20min (9-30-26)/IMG_20260930_234818_243.jpg","USABLE","[175,163,134]","","42.4390243902439","0.23428571428571426","0.6862745098039216","8957","0.7994872022450196","0.7745330373190518","1","0","3.2329328881898935","3.485216764851632","0.25228387666173857","false","1.5","0.2","OUTSIDE_REFERENCE_COLOR_FAMILY","false","","NITRITE_OUTSIDE_CALIBRATION_RANGE"
"C-FS 20min (9-30-26)/IMG_20260930_234829_917.jpg","USABLE","[176,163,155]","","22.857142857142833","0.11931818181818188","0.6901960784313725","9374","0.836474963411854","0.8423164169382149","1","0","1.6353894483856195","1.6984008416939276","0.06301139330830807","true","1.5","0.2","OUTSIDE_COMPOSITE_ACCEPTANCE_THRESHOLD","false","","NITRITE_OUTSIDE_CALIBRATION_RANGE"
"C-FS 20min (9-30-26)/IMG_20260930_234841_272.jpg","USABLE","[182,170,162]","","24","0.10989010989010996","0.7137254901960784","9167","0.8691760461346025","0.8500869925161281","1","0","1.328896090982797","1.4388779317319937","0.10998184074919681","true","1.5","0.2","AMBIGUOUS_RUNNER_UP_MARGIN","false","","NITRITE_MEASUREMENT_UNRELIABLE"
"C-FS 20min (9-30-26)/IMG_20260930_234852_466.jpg","USABLE","[176,165,162]","","12.857142857142946","0.07954545454545459","0.6901960784313725","8870","0.838174551185484","0.8511168164313222","0","1","1.1719768315106964","1.4077031172984524","0.235726285787756","true","1.5","0.2","ACCEPTED_WITH_COMPOSITE_DISTANCE_AND_MARGIN","true","0 ppm","Estimated"
"C-FS 20min (9-30-26)/IMG_20260930_234904_068.jpg","USABLE","[167,156,149]","","23.33333333333337","0.10778443113772451","0.6549019607843137","10002","0.8064773015188764","0.8047295807016197","0","1","1.917802645682033","2.011626433523731","0.09382378784169787","true","1.5","0.2","OUTSIDE_COMPOSITE_ACCEPTANCE_THRESHOLD","false","","NITRITE_OUTSIDE_CALIBRATION_RANGE"
"C-FS 20min (9-30-26)/IMG_20260930_234913_562.jpg","USABLE","[179,170,161]","","30","0.10055865921787706","0.7019607843137254","9539","0.8554785085013048","0.7999388292854684","0","1","1.5198627917313967","1.536281460257108","0.016418668525711277","true","1.5","0.2","OUTSIDE_COMPOSITE_ACCEPTANCE_THRESHOLD","false","","NITRITE_OUTSIDE_CALIBRATION_RANGE"
"C-FS 20min (9-30-26)/IMG_20260930_234922_932.jpg","USABLE","[176,168,162]","","25.714285714285722","0.07954545454545459","0.6901960784313725","9644","0.8308576914802399","0.7955227433583825","0","1","1.3281924437078532","1.548276577077362","0.22008413336950894","true","1.5","0.2","ACCEPTED_WITH_COMPOSITE_DISTANCE_AND_MARGIN","true","0 ppm","Estimated"
"C-FS 20min (9-30-26)/IMG_20260930_234937_572.jpg","USABLE","[180,169,169]","","0","0.061111111111111206","0.7058823529411765","9188","0.8326670823245308","0.7817683086790735","0","1","0.7605584453596829","1.198643250067941","0.43808480470825806","true","1.5","0.2","ACCEPTED_WITH_COMPOSITE_DISTANCE_AND_MARGIN","true","0 ppm","Estimated"
"C-FS 20min (9-30-26)/IMG_20260930_234954_013.jpg","USABLE","[176,164,155]","","25.71428571428578","0.11931818181818188","0.6901960784313725","9192","0.8435969051943387","0.8108059913457139","1","0","1.6828656106974462","1.7382853702826428","0.055419759585196626","true","1.5","0.2","OUTSIDE_COMPOSITE_ACCEPTANCE_THRESHOLD","false","","NITRITE_OUTSIDE_CALIBRATION_RANGE"
"C-FS 20min (9-30-26)/IMG_20260930_235007_874.jpg","USABLE","[170,158,138]","","37.5","0.18823529411764706","0.6666666666666666","8862","0.8386024859613636","0.861632984947068","1","0","2.793794664067742","2.940289406000433","0.1464947419326914","false","1.5","0.2","OUTSIDE_REFERENCE_COLOR_FAMILY","false","","NITRITE_OUTSIDE_CALIBRATION_RANGE"
"C-FS 20min (9-30-26)/IMG_20260930_235021_504.jpg","USABLE","[166,144,100]","","40","0.39759036144578314","0.6509803921568628","8504","0.81239114831915","0.821232794822454","1","0","5.429309662091158","5.718330944254234","0.289021282163076","false","1.5","0.2","OUTSIDE_REFERENCE_COLOR_FAMILY","false","","NITRITE_OUTSIDE_CALIBRATION_RANGE"
"C-FS 20min (9-30-26)/IMG_20260930_235041_353.jpg","USABLE","[168,149,135]","","25.454545454545496","0.1964285714285714","0.6588235294117647","9612","0.8250782280195618","0.829019446367519","1","0","2.7818079010716583","2.929094731111057","0.1472868300393988","false","1.5","0.2","OUTSIDE_REFERENCE_COLOR_FAMILY","false","","NITRITE_OUTSIDE_CALIBRATION_RANGE"
"C-FS 20min (9-30-26)/IMG_20260930_235139_673.jpg","USABLE","[169,139,97]","","35","0.4260355029585799","0.6627450980392157","8327","0.7772735572609383","0.7867838568879072","1","0","5.645555634756259","5.960216593547741","0.3146609587914817","false","1.5","0.2","OUTSIDE_REFERENCE_COLOR_FAMILY","false","","NITRITE_OUTSIDE_CALIBRATION_RANGE"
"C-FS 20min (9-30-26)/IMG_20260930_235151_643.jpg","USABLE","[168,154,154]","","0","0.08333333333333337","0.6588235294117647","8811","0.8320392418452045","0.8546816509018612","0","1","1.5020156642266709","1.7608961263810796","0.25888046215440874","true","1.5","0.2","OUTSIDE_COMPOSITE_ACCEPTANCE_THRESHOLD","false","","NITRITE_OUTSIDE_CALIBRATION_RANGE"