"image","nitrite_roi_rgb","closest_reference","accepted_reference","best_delta_e00","runner_up_reference","runner_up_delta_e00","normalized_score_margin","best_composite_distance","decision","display_result","nitrite_status","match_method","reason","roi_localization_status"
"A-W 1min (9-30-26)/IMG_20260930_231455_174.jpg","162, 154, 145","0","","11.1471","1","12.0424","0.1665","2.1961","REJECTED","No reference match","Unavailable","COMPOSITE_REFERENCE_DISTANCE","OUTSIDE_COMPOSITE_ACCEPTANCE_THRESHOLD","Registered µPAD template"
"A-W 1min (9-30-26)/IMG_20260930_231521_469.jpg","165, 162, 155","0","","10.4694","1","11.6592","0.4453","1.7674","REJECTED","No reference match","Unavailable","COMPOSITE_REFERENCE_DISTANCE","OUTSIDE_COMPOSITE_ACCEPTANCE_THRESHOLD","Registered µPAD template"
"A-W 1min (9-30-26)/IMG_20260930_231538_259.jpg","161, 156, 150","0","","10.1226","1","11.7366","0.4251","1.8978","REJECTED","No reference match","Unavailable","COMPOSITE_REFERENCE_DISTANCE","OUTSIDE_COMPOSITE_ACCEPTANCE_THRESHOLD","Registered µPAD template"
"A-W 1min (9-30-26)/IMG_20260930_231554_752.jpg","166, 160, 153","0","","9.7408","1","10.7643","0.3178","1.7751","REJECTED","No reference match","Unavailable","COMPOSITE_REFERENCE_DISTANCE","OUTSIDE_COMPOSITE_ACCEPTANCE_THRESHOLD","Registered µPAD template"
"A-W 1min (9-30-26)/IMG_20260930_231609_593.jpg","161, 156, 152","0","","9.1254","1","11.1962","0.5386","1.7366","REJECTED","No reference match","Unavailable","COMPOSITE_REFERENCE_DISTANCE","OUTSIDE_COMPOSITE_ACCEPTANCE_THRESHOLD","Registered µPAD template"
"A-W 1min (9-30-26)/IMG_20260930_231629_961.jpg","163, 156, 148","0","","10.5685","1","11.5979","0.2396","2.0270","REJECTED","No reference match","Unavailable","COMPOSITE_REFERENCE_DISTANCE","OUTSIDE_COMPOSITE_ACCEPTANCE_THRESHOLD","Registered µPAD template"
"A-W 1min (9-30-26)/IMG_20260930_231642_295.jpg","170, 163, 152","0","","11.2405","1","11.2224","0.1069","1.9736","REJECTED","No reference match","Unavailable","COMPOSITE_REFERENCE_DISTANCE","OUTSIDE_COMPOSITE_ACCEPTANCE_THRESHOLD","Registered µPAD template"
"A-W 1min (9-30-26)/IMG_20260930_231704_325.jpg","170, 153, 146","1","","9.5991","0","9.2892","0.0714","2.0592","REJECTED","No reference match","Unavailable","COMPOSITE_REFERENCE_DISTANCE","OUTSIDE_REFERENCE_COLOR_FAMILY","Registered µPAD template"
"A-W 1min (9-30-26)/IMG_20260930_231715_720.jpg","159, 153, 148","0","","9.9020","1","11.8278","0.4358","1.9396","REJECTED","No reference match","Unavailable","COMPOSITE_REFERENCE_DISTANCE","OUTSIDE_COMPOSITE_ACCEPTANCE_THRESHOLD","Registered µPAD template"
"A-W 1min (9-30-26)/IMG_20260930_231729_289.jpg","161, 159, 155","0","","9.6703","1","11.7795","0.6514","1.7067","REJECTED","No reference match","Unavailable","COMPOSITE_REFERENCE_DISTANCE","OUTSIDE_COMPOSITE_ACCEPTANCE_THRESHOLD","Registered µPAD template"
"A-W 1min (9-30-26)/IMG_20260930_231745_528.jpg","163, 159, 154","0","","9.4542","1","11.1786","0.5178","1.7059","REJECTED","No reference match","Unavailable","COMPOSITE_REFERENCE_DISTANCE","OUTSIDE_COMPOSITE_ACCEPTANCE_THRESHOLD","Registered µPAD template"
"A-W 1min (9-30-26)/IMG_20260930_231757_543.jpg","160, 156, 151","0","","9.9381","1","11.8499","0.5242","1.8450","REJECTED","No reference match","Unavailable","COMPOSITE_REFERENCE_DISTANCE","OUTSIDE_COMPOSITE_ACCEPTANCE_THRESHOLD","Registered µPAD template"
"A-W 1min (9-30-26)/IMG_20260930_231813_359.jpg","159, 154, 147","0","","10.9659","1","12.5032","0.3788","2.0752","REJECTED","No reference match","Unavailable","COMPOSITE_REFERENCE_DISTANCE","OUTSIDE_COMPOSITE_ACCEPTANCE_THRESHOLD","Registered µPAD template"
"A-W 1min (9-30-26)/IMG_20260930_231827_611.jpg","172, 168, 163","0","0","8.4801","1","9.4757","0.4808","1.3289","ACCEPTED","0 ppm","Safe","COMPOSITE_REFERENCE_DISTANCE","ACCEPTED_WITH_COMPOSITE_DISTANCE_AND_MARGIN","Registered µPAD template"
"A-W 1min (9-30-26)/IMG_20260930_231838_339.jpg","174, 136, 121","1","","15.3127","0","16.1906","0.2246","4.0076","REJECTED","No reference match","Unavailable","COMPOSITE_REFERENCE_DISTANCE","OUTSIDE_REFERENCE_COLOR_FAMILY","Registered µPAD template"
"A-W 20min (9-30-26)/IMG_20260930_234200_085.jpg","184, 171, 165","1","","5.7468","0","6.9710","0.1272","1.1203","REJECTED","No reference match","Unavailable","COMPOSITE_REFERENCE_DISTANCE","AMBIGUOUS_RUNNER_UP_MARGIN","Registered µPAD template"
"A-W 20min (9-30-26)/IMG_20260930_234237_081.jpg","175, 169, 162","0","0","8.9152","1","9.1105","0.2683","1.4101","ACCEPTED","0 ppm","Safe","COMPOSITE_REFERENCE_DISTANCE","ACCEPTED_WITH_COMPOSITE_DISTANCE_AND_MARGIN","Registered µPAD template"
"A-W 20min (9-30-26)/IMG_20260930_234247_335.jpg","175, 172, 167","0","0","8.6629","1","9.4004","0.4934","1.2258","ACCEPTED","0 ppm","Safe","COMPOSITE_REFERENCE_DISTANCE","ACCEPTED_WITH_COMPOSITE_DISTANCE_AND_MARGIN","Registered µPAD template"
"A-W 20min (9-30-26)/IMG_20260930_234257_372.jpg","180, 176, 169","0","0","9.4023","1","9.2084","0.2821","1.2564","ACCEPTED","0 ppm","Safe","COMPOSITE_REFERENCE_DISTANCE","ACCEPTED_WITH_COMPOSITE_DISTANCE_AND_MARGIN","Registered µPAD template"
"A-W 20min (9-30-26)/IMG_20260930_234306_522.jpg","176, 172, 164","0","0","9.9872","1","10.0234","0.2916","1.4418","ACCEPTED","0 ppm","Safe","COMPOSITE_REFERENCE_DISTANCE","ACCEPTED_WITH_COMPOSITE_DISTANCE_AND_MARGIN","Registered µPAD template"
"A-W 20min (9-30-26)/IMG_20260930_234315_248.jpg","178, 174, 165","0","0","10.4959","1","10.2037","0.2224","1.4689","ACCEPTED","0 ppm","Safe","COMPOSITE_REFERENCE_DISTANCE","ACCEPTED_WITH_COMPOSITE_DISTANCE_AND_MARGIN","Registered µPAD template"
"A-W 20min (9-30-26)/IMG_20260930_234324_537.jpg","187, 179, 172","1","","7.0556","0","8.3836","0.0660","1.1314","REJECTED","No reference match","Unavailable","COMPOSITE_REFERENCE_DISTANCE","AMBIGUOUS_RUNNER_UP_MARGIN","Registered µPAD template"
"A-W 20min (9-30-26)/IMG_20260930_234334_889.jpg","190, 164, 145","1","","9.9049","0","12.9977","0.4775","2.3747","REJECTED","No reference match","Unavailable","COMPOSITE_REFERENCE_DISTANCE","OUTSIDE_COMPOSITE_ACCEPTANCE_THRESHOLD","Registered µPAD template"
"A-W 20min (9-30-26)/IMG_20260930_234356_376.jpg","186, 180, 173","0","","8.9145","1","7.9176","0.0340","1.2063","REJECTED","No reference match","Unavailable","COMPOSITE_REFERENCE_DISTANCE","AMBIGUOUS_RUNNER_UP_MARGIN","Registered µPAD template"
"A-W 20min (9-30-26)/IMG_20260930_234412_014.jpg","189, 184, 177","1","","8.2408","0","9.4302","0.0931","1.1925","REJECTED","No reference match","Unavailable","COMPOSITE_REFERENCE_DISTANCE","AMBIGUOUS_RUNNER_UP_MARGIN","Registered µPAD template"
"A-W 20min (9-30-26)/IMG_20260930_234422_316.jpg","178, 174, 169","0","0","8.2663","1","8.6511","0.4243","1.1338","ACCEPTED","0 ppm","Safe","COMPOSITE_REFERENCE_DISTANCE","ACCEPTED_WITH_COMPOSITE_DISTANCE_AND_MARGIN","Registered µPAD template"
"A-W 20min (9-30-26)/IMG_20260930_234434_165.jpg","178, 167, 159","1","","7.8771","0","8.4637","0.0165","1.5155","REJECTED","No reference match","Unavailable","COMPOSITE_REFERENCE_DISTANCE","OUTSIDE_COMPOSITE_ACCEPTANCE_THRESHOLD","Registered µPAD template"
"A-W 20min (9-30-26)/IMG_20260930_234447_534.jpg","176, 175, 170","0","0","9.4134","1","10.1464","0.5393","1.2269","ACCEPTED","0 ppm","Safe","COMPOSITE_REFERENCE_DISTANCE","ACCEPTED_WITH_COMPOSITE_DISTANCE_AND_MARGIN","Registered µPAD template"
"A-W 20min (9-30-26)/IMG_20260930_234457_204.jpg","187, 181, 174","1","","7.8621","0","8.9656","0.0119","1.2064","REJECTED","No reference match","Unavailable","COMPOSITE_REFERENCE_DISTANCE","AMBIGUOUS_RUNNER_UP_MARGIN","Registered µPAD template"
"A-W 20min (9-30-26)/IMG_20260930_234509_649.jpg","188, 181, 170","1","1","9.1621","0","10.8494","0.2041","1.3229","ACCEPTED","1 ppm","Dangerous","COMPOSITE_REFERENCE_DISTANCE","ACCEPTED_WITH_COMPOSITE_DISTANCE_AND_MARGIN","Registered µPAD template"
"AA-PS 1min (9-30-26)/IMG_20260930_223737_993.jpg","173, 169, 165","0","0","7.8466","1","8.9934","0.5338","1.2101","ACCEPTED","0 ppm","Safe","COMPOSITE_REFERENCE_DISTANCE","ACCEPTED_WITH_COMPOSITE_DISTANCE_AND_MARGIN","Registered µPAD template"
"AA-PS 1min (9-30-26)/IMG_20260930_223755_628.jpg","165, 162, 158","0","","8.8690","1","10.7083","0.6072","1.5307","REJECTED","No reference match","Unavailable","COMPOSITE_REFERENCE_DISTANCE","OUTSIDE_COMPOSITE_ACCEPTANCE_THRESHOLD","Registered µPAD template"
"AA-PS 1min (9-30-26)/IMG_20260930_223811_990.jpg","164, 169, 165","0","","11.8593","0.5","15.2001","0.6321","1.7197","REJECTED","No reference match","Unavailable","COMPOSITE_REFERENCE_DISTANCE","OUTSIDE_COMPOSITE_ACCEPTANCE_THRESHOLD","Registered µPAD template"
"AA-PS 1min (9-30-26)/IMG_20260930_223829_397.jpg","166, 156, 141","1","","13.0185","0","13.2910","0.0324","2.5712","REJECTED","No reference match","Unavailable","COMPOSITE_REFERENCE_DISTANCE","OUTSIDE_REFERENCE_COLOR_FAMILY","Registered µPAD template"
"AA-PS 1min (9-30-26)/IMG_20260930_223847_111.jpg","171, 158, 147","1","","10.2679","0","10.6036","0.0712","2.1017","REJECTED","No reference match","Unavailable","COMPOSITE_REFERENCE_DISTANCE","OUTSIDE_REFERENCE_COLOR_FAMILY","Registered µPAD template"
"AA-PS 1min (9-30-26)/IMG_20260930_223911_161.jpg","168, 156, 127","1","","17.3439","0","18.7178","0.1933","3.5936","REJECTED","No reference match","Unavailable","COMPOSITE_REFERENCE_DISTANCE","OUTSIDE_REFERENCE_COLOR_FAMILY","Registered µPAD template"
"AA-PS 1min (9-30-26)/IMG_20260930_223925_317.jpg","166, 160, 154","0","","9.2102","1","10.4460","0.3680","1.6906","REJECTED","No reference match","Unavailable","COMPOSITE_REFERENCE_DISTANCE","OUTSIDE_COMPOSITE_ACCEPTANCE_THRESHOLD","Registered µPAD template"
"AA-PS 1min (9-30-26)/IMG_20260930_223945_565.jpg","170, 163, 157","0","","8.5582","1","9.4218","0.3063","1.5409","REJECTED","No reference match","Unavailable","COMPOSITE_REFERENCE_DISTANCE","OUTSIDE_COMPOSITE_ACCEPTANCE_THRESHOLD","Registered µPAD template"
"AA-PS 1min (9-30-26)/IMG_20260930_223958_005.jpg","174, 178, 173","0","0","11.6237","1","12.7390","0.6443","1.4441","ACCEPTED","0 ppm","Safe","COMPOSITE_REFERENCE_DISTANCE","ACCEPTED_WITH_COMPOSITE_DISTANCE_AND_MARGIN","Registered µPAD template"
"AA-PS 1min (9-30-26)/IMG_20260930_224024_137.jpg","169, 160, 152","0","","9.5168","1","9.9903","0.1329","1.8228","REJECTED","No reference match","Unavailable","COMPOSITE_REFERENCE_DISTANCE","OUTSIDE_COMPOSITE_ACCEPTANCE_THRESHOLD","Registered µPAD template"
"AA-PS 1min (9-30-26)/IMG_20260930_224037_870.jpg","Unavailable","Unavailable","","","Unavailable","","","","REJECTED","Unavailable","Unavailable","NONE","NITRITE_ROI_INVALID","Strip registration failed"
"AA-PS 1min (9-30-26)/IMG_20260930_224051_514.jpg","171, 165, 162","0","0","6.9676","1","8.5635","0.5306","1.2234","ACCEPTED","0 ppm","Safe","COMPOSITE_REFERENCE_DISTANCE","ACCEPTED_WITH_COMPOSITE_DISTANCE_AND_MARGIN","Registered µPAD template"
"AA-PS 1min (9-30-26)/IMG_20260930_224111_646.jpg","180, 174, 164","0","","10.4416","1","9.6860","0.0799","1.5195","REJECTED","No reference match","Unavailable","COMPOSITE_REFERENCE_DISTANCE","OUTSIDE_COMPOSITE_ACCEPTANCE_THRESHOLD","Registered µPAD template"
"AA-PS 1min (9-30-26)/IMG_20260930_224124_760.jpg","176, 170, 165","0","0","7.7208","1","8.2377","0.3688","1.2014","ACCEPTED","0 ppm","Safe","COMPOSITE_REFERENCE_DISTANCE","ACCEPTED_WITH_COMPOSITE_DISTANCE_AND_MARGIN","Registered µPAD template"
"AA-PS 1min (9-30-26)/IMG_20260930_224139_922.jpg","177, 166, 135","1","","16.9278","0","18.8943","0.2746","3.2552","REJECTED","No reference match","Unavailable","COMPOSITE_REFERENCE_DISTANCE","OUTSIDE_REFERENCE_COLOR_FAMILY","Registered µPAD template"
"AA-PS 20 mins (9-30-26)/IMG_20260930_230800_760.jpg","167, 160, 158","0","0","6.9037","1","9.1139","0.5674","1.3426","ACCEPTED","0 ppm","Safe","COMPOSITE_REFERENCE_DISTANCE","ACCEPTED_WITH_COMPOSITE_DISTANCE_AND_MARGIN","Registered µPAD template"
"AA-PS 20 mins (9-30-26)/IMG_20260930_230815_963.jpg","166, 163, 161","0","0","7.6788","0.5","11.7382","0.6757","1.3391","ACCEPTED","0 ppm","Safe","COMPOSITE_REFERENCE_DISTANCE","ACCEPTED_WITH_COMPOSITE_DISTANCE_AND_MARGIN","Registered µPAD template"
"AA-PS 20 mins (9-30-26)/IMG_20260930_230834_346.jpg","156, 161, 158","0","","11.5951","0.5","15.5313","0.6583","1.9582","REJECTED","No reference match","Unavailable","COMPOSITE_REFERENCE_DISTANCE","OUTSIDE_COMPOSITE_ACCEPTANCE_THRESHOLD","Registered µPAD template"
"AA-PS 20 mins (9-30-26)/IMG_20260930_230851_036.jpg","167, 155, 143","1","","11.5786","0","11.6482","0.0370","2.3561","REJECTED","No reference match","Unavailable","COMPOSITE_REFERENCE_DISTANCE","OUTSIDE_REFERENCE_COLOR_FAMILY","Registered µPAD template"
"AA-PS 20 mins (9-30-26)/IMG_20260930_230915_953.jpg","172, 156, 145","1","","10.0547","0","10.5653","0.1271","2.1675","REJECTED","No reference match","Unavailable","COMPOSITE_REFERENCE_DISTANCE","OUTSIDE_REFERENCE_COLOR_FAMILY","Registered µPAD template"
"AA-PS 20 mins (9-30-26)/IMG_20260930_230936_433.jpg","173, 159, 133","1","","15.3450","0","16.9917","0.2342","3.1769","REJECTED","No reference match","Unavailable","COMPOSITE_REFERENCE_DISTANCE","OUTSIDE_REFERENCE_COLOR_FAMILY","Registered µPAD template"
"AA-PS 20 mins (9-30-26)/IMG_20260930_230952_312.jpg","179, 174, 170","0","0","7.3533","1","7.8128","0.4348","1.0212","ACCEPTED","0 ppm","Safe","COMPOSITE_REFERENCE_DISTANCE","ACCEPTED_WITH_COMPOSITE_DISTANCE_AND_MARGIN","Registered µPAD template"
"AA-PS 20 mins (9-30-26)/IMG_20260930_231005_947.jpg","170, 163, 162","0","0","5.9426","1","8.2685","0.6340","1.1269","ACCEPTED","0 ppm","Safe","COMPOSITE_REFERENCE_DISTANCE","ACCEPTED_WITH_COMPOSITE_DISTANCE_AND_MARGIN","Registered µPAD template"
"AA-PS 20 mins (9-30-26)/IMG_20260930_231017_995.jpg","186, 177, 178","0","0","3.8153","1","4.7459","0.4403","0.5659","ACCEPTED","0 ppm","Safe","COMPOSITE_REFERENCE_DISTANCE","ACCEPTED_WITH_COMPOSITE_DISTANCE_AND_MARGIN","Registered µPAD template"
"AA-PS 20 mins (9-30-26)/IMG_20260930_231030_324.jpg","170, 160, 155","0","","7.7715","1","8.7752","0.2080","1.5608","REJECTED","No reference match","Unavailable","COMPOSITE_REFERENCE_DISTANCE","OUTSIDE_COMPOSITE_ACCEPTANCE_THRESHOLD","Registered µPAD template"
"AA-PS 20 mins (9-30-26)/IMG_20260930_231042_928.jpg","169, 163, 161","0","0","6.6940","1","8.7799","0.6084","1.2291","ACCEPTED","0 ppm","Safe","COMPOSITE_REFERENCE_DISTANCE","ACCEPTED_WITH_COMPOSITE_DISTANCE_AND_MARGIN","Registered µPAD template"
"AA-PS 20 mins (9-30-26)/IMG_20260930_231056_775.jpg","175, 168, 169","0","0","4.3629","0.5","8.4808","0.6750","0.7617","ACCEPTED","0 ppm","Safe","COMPOSITE_REFERENCE_DISTANCE","ACCEPTED_WITH_COMPOSITE_DISTANCE_AND_MARGIN","Registered µPAD template"
"AA-PS 20 mins (9-30-26)/IMG_20260930_231109_996.jpg","176, 165, 161","0","","6.4633","1","7.0310","0.1738","1.2577","REJECTED","No reference match","Unavailable","COMPOSITE_REFERENCE_DISTANCE","AMBIGUOUS_RUNNER_UP_MARGIN","Registered µPAD template"
"AA-PS 20 mins (9-30-26)/IMG_20260930_231216_797.jpg","178, 165, 139","1","","14.7722","0","16.7374","0.2755","2.8881","REJECTED","No reference match","Unavailable","COMPOSITE_REFERENCE_DISTANCE","OUTSIDE_REFERENCE_COLOR_FAMILY","Registered µPAD template"
"AA-PS 20 mins (9-30-26)/IMG_20260930_231230_208.jpg","172, 164, 165","0","0","4.6492","0.5","8.5452","0.6439","0.9093","ACCEPTED","0 ppm","Safe","COMPOSITE_REFERENCE_DISTANCE","ACCEPTED_WITH_COMPOSITE_DISTANCE_AND_MARGIN","Registered µPAD template"
"C-FS 1min (9-30-26)/IMG_20260930_232338_567.jpg","163, 150, 147","0","","8.5934","1","10.4662","0.1439","1.9176","REJECTED","No reference match","Unavailable","COMPOSITE_REFERENCE_DISTANCE","OUTSIDE_COMPOSITE_ACCEPTANCE_THRESHOLD","Registered µPAD template"
"C-FS 1min (9-30-26)/IMG_20260930_232357_354.jpg","159, 146, 122","1","","17.4075","0","17.9719","0.1137","3.7490","REJECTED","No reference match","Unavailable","COMPOSITE_REFERENCE_DISTANCE","OUTSIDE_REFERENCE_COLOR_FAMILY","Registered µPAD template"
"C-FS 1min (9-30-26)/IMG_20260930_232409_061.jpg","163, 157, 146","0","","12.1879","1","12.7659","0.1756","2.2500","REJECTED","No reference match","Unavailable","COMPOSITE_REFERENCE_DISTANCE","OUTSIDE_COMPOSITE_ACCEPTANCE_THRESHOLD","Registered µPAD template"
"C-FS 1min (9-30-26)/IMG_20260930_232422_607.jpg","169, 160, 150","0","","10.5561","1","10.6890","0.0714","1.9962","REJECTED","No reference match","Unavailable","COMPOSITE_REFERENCE_DISTANCE","OUTSIDE_COMPOSITE_ACCEPTANCE_THRESHOLD","Registered µPAD template"
"C-FS 1min (9-30-26)/IMG_20260930_232433_379.jpg","165, 157, 151","0","","9.1522","1","10.4104","0.2760","1.7982","REJECTED","No reference match","Unavailable","COMPOSITE_REFERENCE_DISTANCE","OUTSIDE_COMPOSITE_ACCEPTANCE_THRESHOLD","Registered µPAD template"
"C-FS 1min (9-30-26)/IMG_20260930_232445_033.jpg","160, 154, 145","0","","11.6579","1","12.7492","0.2507","2.2219","REJECTED","No reference match","Unavailable","COMPOSITE_REFERENCE_DISTANCE","OUTSIDE_REFERENCE_COLOR_FAMILY","Registered µPAD template"
"C-FS 1min (9-30-26)/IMG_20260930_232457_548.jpg","Unavailable","Unavailable","","","Unavailable","","","","REJECTED","Unavailable","Unavailable","NONE","PH_ROI_INVALID","Strip registration failed"
"C-FS 1min (9-30-26)/IMG_20260930_232508_770.jpg","167, 162, 157","0","","8.7133","1","10.1256","0.4644","1.5426","REJECTED","No reference match","Unavailable","COMPOSITE_REFERENCE_DISTANCE","OUTSIDE_COMPOSITE_ACCEPTANCE_THRESHOLD","Registered µPAD template"
"C-FS 1min (9-30-26)/IMG_20260930_232522_647.jpg","170, 161, 159","0","0","6.3085","1","8.2243","0.4527","1.2696","ACCEPTED","0 ppm","Safe","COMPOSITE_REFERENCE_DISTANCE","ACCEPTED_WITH_COMPOSITE_DISTANCE_AND_MARGIN","Registered µPAD template"
"C-FS 1min (9-30-26)/IMG_20260930_232540_255.jpg","Unavailable","Unavailable","","","Unavailable","","","","REJECTED","Unavailable","Unavailable","NONE","NITRITE_ROI_INVALID","Strip registration failed"
"C-FS 1min (9-30-26)/IMG_20260930_232602_165.jpg","164, 152, 133","1","","14.6974","0","15.2327","0.0953","3.0385","REJECTED","No reference match","Unavailable","COMPOSITE_REFERENCE_DISTANCE","OUTSIDE_REFERENCE_COLOR_FAMILY","Registered µPAD template"
"C-FS 1min (9-30-26)/IMG_20260930_232616_765.jpg","157, 136, 94","1","","22.9217","0","24.2267","0.2248","5.7878","REJECTED","No reference match","Unavailable","COMPOSITE_REFERENCE_DISTANCE","OUTSIDE_REFERENCE_COLOR_FAMILY","Registered µPAD template"
"C-FS 1min (9-30-26)/IMG_20260930_232629_603.jpg","171, 158, 142","1","","12.1008","0","12.9795","0.1315","2.4705","REJECTED","No reference match","Unavailable","COMPOSITE_REFERENCE_DISTANCE","OUTSIDE_REFERENCE_COLOR_FAMILY","Registered µPAD template"
"C-FS 1min (9-30-26)/IMG_20260930_232645_803.jpg","Unavailable","Unavailable","","","Unavailable","","","","REJECTED","Unavailable","Unavailable","NONE","NITRITE_ROI_INVALID","Strip registration failed"
"C-FS 1min (9-30-26)/IMG_20260930_232701_283.jpg","162, 149, 148","0","","8.2108","1","10.5915","0.2478","1.8275","REJECTED","No reference match","Unavailable","COMPOSITE_REFERENCE_DISTANCE","OUTSIDE_COMPOSITE_ACCEPTANCE_THRESHOLD","Registered µPAD template"
"C-FS 20min (9-30-26)/IMG_20260930_234801_855.jpg","175, 159, 155","1","","7.4468","0","6.9996","0.0502","1.5351","REJECTED","No reference match","Unavailable","COMPOSITE_REFERENCE_DISTANCE","OUTSIDE_REFERENCE_COLOR_FAMILY","Registered µPAD template"
"C-FS 20min (9-30-26)/IMG_20260930_234818_243.jpg","175, 163, 134","1","","16.3411","0","18.1625","0.2523","3.2329","REJECTED","No reference match","Unavailable","COMPOSITE_REFERENCE_DISTANCE","OUTSIDE_REFERENCE_COLOR_FAMILY","Registered µPAD template"
"C-FS 20min (9-30-26)/IMG_20260930_234829_917.jpg","176, 163, 155","1","","8.0979","0","8.5245","0.0630","1.6354","REJECTED","No reference match","Unavailable","COMPOSITE_REFERENCE_DISTANCE","OUTSIDE_COMPOSITE_ACCEPTANCE_THRESHOLD","Registered µPAD template"
"C-FS 20min (9-30-26)/IMG_20260930_234841_272.jpg","182, 170, 162","1","","7.0085","0","8.1789","0.1100","1.3289","REJECTED","No reference match","Unavailable","COMPOSITE_REFERENCE_DISTANCE","AMBIGUOUS_RUNNER_UP_MARGIN","Registered µPAD template"
"C-FS 20min (9-30-26)/IMG_20260930_234852_466.jpg","176, 165, 162","0","0","5.9407","1","6.8128","0.2357","1.1720","ACCEPTED","0 ppm","Safe","COMPOSITE_REFERENCE_DISTANCE","ACCEPTED_WITH_COMPOSITE_DISTANCE_AND_MARGIN","Registered µPAD template"
"C-FS 20min (9-30-26)/IMG_20260930_234904_068.jpg","167, 156, 149","0","","9.2432","1","10.0268","0.0938","1.9178","REJECTED","No reference match","Unavailable","COMPOSITE_REFERENCE_DISTANCE","OUTSIDE_COMPOSITE_ACCEPTANCE_THRESHOLD","Registered µPAD template"
"C-FS 20min (9-30-26)/IMG_20260930_234913_562.jpg","179, 170, 161","0","","9.2396","1","8.4980","0.0164","1.5199","REJECTED","No reference match","Unavailable","COMPOSITE_REFERENCE_DISTANCE","OUTSIDE_COMPOSITE_ACCEPTANCE_THRESHOLD","Registered µPAD template"
"C-FS 20min (9-30-26)/IMG_20260930_234922_932.jpg","176, 168, 162","0","0","7.8723","1","8.0683","0.2201","1.3282","ACCEPTED","0 ppm","Safe","COMPOSITE_REFERENCE_DISTANCE","ACCEPTED_WITH_COMPOSITE_DISTANCE_AND_MARGIN","Registered µPAD template"
"C-FS 20min (9-30-26)/IMG_20260930_234937_572.jpg","180, 169, 169","0","0","4.0221","1","5.4887","0.4381","0.7606","ACCEPTED","0 ppm","Safe","COMPOSITE_REFERENCE_DISTANCE","ACCEPTED_WITH_COMPOSITE_DISTANCE_AND_MARGIN","Registered µPAD template"
"C-FS 20min (9-30-26)/IMG_20260930_234954_013.jpg","176, 164, 155","1","","8.5237","0","9.0751","0.0554","1.6829","REJECTED","No reference match","Unavailable","COMPOSITE_REFERENCE_DISTANCE","OUTSIDE_COMPOSITE_ACCEPTANCE_THRESHOLD","Registered µPAD template"
"C-FS 20min (9-30-26)/IMG_20260930_235007_874.jpg","170, 158, 138","1","","13.8778","0","14.9375","0.1465","2.7938","REJECTED","No reference match","Unavailable","COMPOSITE_REFERENCE_DISTANCE","OUTSIDE_REFERENCE_COLOR_FAMILY","Registered µPAD template"
"C-FS 20min (9-30-26)/IMG_20260930_235021_504.jpg","166, 144, 100","1","","21.5670","0","23.4339","0.2890","5.4293","REJECTED","No reference match","Unavailable","COMPOSITE_REFERENCE_DISTANCE","OUTSIDE_REFERENCE_COLOR_FAMILY","Registered µPAD template"
"C-FS 20min (9-30-26)/IMG_20260930_235041_353.jpg","168, 149, 135","1","","12.2571","0","12.7737","0.1473","2.7818","REJECTED","No reference match","Unavailable","COMPOSITE_REFERENCE_DISTANCE","OUTSIDE_REFERENCE_COLOR_FAMILY","Registered µPAD template"
"C-FS 20min (9-30-26)/IMG_20260930_235139_673.jpg","169, 139, 97","1","","21.0078","0","22.9382","0.3147","5.6456","REJECTED","No reference match","Unavailable","COMPOSITE_REFERENCE_DISTANCE","OUTSIDE_REFERENCE_COLOR_FAMILY","Registered µPAD template"
"C-FS 20min (9-30-26)/IMG_20260930_235151_643.jpg","168, 154, 154","0","","6.5674","1","8.8556","0.2589","1.5020","REJECTED","No reference match","Unavailable","COMPOSITE_REFERENCE_DISTANCE","OUTSIDE_COMPOSITE_ACCEPTANCE_THRESHOLD","Registered µPAD template"
