sourceImage,roiOutcome,nitriteRGB,colorQuality,closestReference,runnerUpReference,bestCompositeScore,runnerUpCompositeScore,margin,strictAccepted,referenceConfidence,nitriteDisplay,nitriteStatus,matcherReason
"A-W 1min (9-30-26)/IMG_20260930_231455_174.jpg","ROI_COLOR_AVAILABLE","162;154;145","IMAGE_QUALITY_ACCEPTABLE","0","1","2.196053988397114","2.3625774774610324","0.16652348906391845","false","LOW","Closest reference: 0 ppm (low confidence)","Unavailable","OUTSIDE_COMPOSITE_ACCEPTANCE_THRESHOLD"
"A-W 1min (9-30-26)/IMG_20260930_231521_469.jpg","ROI_COLOR_AVAILABLE","165;162;155","IMAGE_QUALITY_INSUFFICIENT","0","1","1.767384849709206","2.2126833696084347","0.44529851989922875","false","UNAVAILABLE","No reference match","Unavailable","OUTSIDE_COMPOSITE_ACCEPTANCE_THRESHOLD"
"A-W 1min (9-30-26)/IMG_20260930_231538_259.jpg","ROI_COLOR_AVAILABLE","161;156;150","IMAGE_QUALITY_INSUFFICIENT","0","1","1.8977595662999551","2.322908548171404","0.4251489818714487","false","UNAVAILABLE","No reference match","Unavailable","OUTSIDE_COMPOSITE_ACCEPTANCE_THRESHOLD"
"A-W 1min (9-30-26)/IMG_20260930_231554_752.jpg","ROI_COLOR_AVAILABLE","166;160;153","IMAGE_QUALITY_INSUFFICIENT","0","1","1.7750846009479264","2.092883577807779","0.3177989768598526","false","UNAVAILABLE","No reference match","Unavailable","OUTSIDE_COMPOSITE_ACCEPTANCE_THRESHOLD"
"A-W 1min (9-30-26)/IMG_20260930_231609_593.jpg","ROI_COLOR_AVAILABLE","161;156;152","IMAGE_QUALITY_INSUFFICIENT","0","1","1.7365842079638725","2.2751861288833113","0.5386019209194388","false","UNAVAILABLE","No reference match","Unavailable","OUTSIDE_COMPOSITE_ACCEPTANCE_THRESHOLD"
"A-W 1min (9-30-26)/IMG_20260930_231629_961.jpg","ROI_COLOR_AVAILABLE","163;156;148","IMAGE_QUALITY_ACCEPTABLE","0","1","2.0270302706854157","2.266664559379863","0.23963428869444714","false","LOW","Closest reference: 0 ppm (low confidence)","Unavailable","OUTSIDE_COMPOSITE_ACCEPTANCE_THRESHOLD"
"A-W 1min (9-30-26)/IMG_20260930_231642_295.jpg","ROI_COLOR_AVAILABLE","170;163;152","IMAGE_QUALITY_ACCEPTABLE","0","1","1.9736225089210206","2.0805722302248433","0.10694972130382263","false","LOW","Closest reference: 0 ppm (low confidence)","Unavailable","OUTSIDE_COMPOSITE_ACCEPTANCE_THRESHOLD"
"A-W 1min (9-30-26)/IMG_20260930_231704_325.jpg","ROI_COLOR_AVAILABLE","170;153;146","IMAGE_QUALITY_ACCEPTABLE","1","0","2.05924062870094","2.1306903491938716","0.07144972049293141","false","LOW","Closest reference: 1 ppm (low confidence)","Unavailable","OUTSIDE_REFERENCE_COLOR_FAMILY"
"A-W 1min (9-30-26)/IMG_20260930_231715_720.jpg","ROI_COLOR_AVAILABLE","159;153;148","IMAGE_QUALITY_INSUFFICIENT","0","1","1.9396212153191454","2.375444321953171","0.4358231066340257","false","UNAVAILABLE","No reference match","Unavailable","OUTSIDE_COMPOSITE_ACCEPTANCE_THRESHOLD"
"A-W 1min (9-30-26)/IMG_20260930_231729_289.jpg","ROI_COLOR_AVAILABLE","161;159;155","IMAGE_QUALITY_INSUFFICIENT","0","1","1.7067436920694732","2.3581553335422965","0.6514116414728233","false","UNAVAILABLE","No reference match","Unavailable","OUTSIDE_COMPOSITE_ACCEPTANCE_THRESHOLD"
"A-W 1min (9-30-26)/IMG_20260930_231745_528.jpg","ROI_COLOR_AVAILABLE","163;159;154","IMAGE_QUALITY_INSUFFICIENT","0","1","1.7059465146866633","2.2237827037139564","0.5178361890272931","false","UNAVAILABLE","No reference match","Unavailable","OUTSIDE_COMPOSITE_ACCEPTANCE_THRESHOLD"
"A-W 1min (9-30-26)/IMG_20260930_231757_543.jpg","ROI_COLOR_AVAILABLE","160;156;151","IMAGE_QUALITY_INSUFFICIENT","0","1","1.8450319768382848","2.369191161660378","0.524159184822093","false","UNAVAILABLE","No reference match","Unavailable","OUTSIDE_COMPOSITE_ACCEPTANCE_THRESHOLD"
"A-W 1min (9-30-26)/IMG_20260930_231813_359.jpg","ROI_COLOR_AVAILABLE","159;154;147","IMAGE_QUALITY_INSUFFICIENT","0","1","2.075218326421322","2.4540193792107745","0.37880105278945253","false","UNAVAILABLE","No reference match","Unavailable","OUTSIDE_COMPOSITE_ACCEPTANCE_THRESHOLD"
"A-W 1min (9-30-26)/IMG_20260930_231827_611.jpg","ROI_COLOR_AVAILABLE","172;168;163","IMAGE_QUALITY_INSUFFICIENT","0","1","1.3288665115450222","1.8096570650718806","0.4807905535268584","true","ACCEPTED","0 ppm","Safe","ACCEPTED_WITH_COMPOSITE_DISTANCE_AND_MARGIN"
"A-W 1min (9-30-26)/IMG_20260930_231838_339.jpg","ROI_COLOR_AVAILABLE","174;136;121","IMAGE_QUALITY_ACCEPTABLE","1","0","4.007560698206443","4.232194982006722","0.22463428380027928","false","LOW","Closest reference: 1 ppm (low confidence)","Unavailable","OUTSIDE_REFERENCE_COLOR_FAMILY"
"A-W 20min (9-30-26)/IMG_20260930_234200_085.jpg","ROI_COLOR_AVAILABLE","184;171;165","IMAGE_QUALITY_ACCEPTABLE","1","0","1.1202702431106912","1.2474572552124987","0.1271870121018075","false","LOW","Closest reference: 1 ppm (low confidence)","Unavailable","AMBIGUOUS_RUNNER_UP_MARGIN"
"A-W 20min (9-30-26)/IMG_20260930_234237_081.jpg","ROI_COLOR_AVAILABLE","175;169;162","IMAGE_QUALITY_INSUFFICIENT","0","1","1.4100803375998394","1.6783947125223755","0.26831437492253607","true","ACCEPTED","0 ppm","Safe","ACCEPTED_WITH_COMPOSITE_DISTANCE_AND_MARGIN"
"A-W 20min (9-30-26)/IMG_20260930_234247_335.jpg","ROI_COLOR_AVAILABLE","175;172;167","IMAGE_QUALITY_INSUFFICIENT","0","1","1.2258073735730213","1.7191656284044623","0.493358254831441","true","ACCEPTED","0 ppm","Safe","ACCEPTED_WITH_COMPOSITE_DISTANCE_AND_MARGIN"
"A-W 20min (9-30-26)/IMG_20260930_234257_372.jpg","ROI_COLOR_AVAILABLE","180;176;169","IMAGE_QUALITY_INSUFFICIENT","0","1","1.2564224376983149","1.5385328895158432","0.28211045181752836","true","ACCEPTED","0 ppm","Safe","ACCEPTED_WITH_COMPOSITE_DISTANCE_AND_MARGIN"
"A-W 20min (9-30-26)/IMG_20260930_234306_522.jpg","ROI_COLOR_AVAILABLE","176;172;164","IMAGE_QUALITY_INSUFFICIENT","0","1","1.441769790033853","1.733321320614419","0.2915515305805658","true","ACCEPTED","0 ppm","Safe","ACCEPTED_WITH_COMPOSITE_DISTANCE_AND_MARGIN"
"A-W 20min (9-30-26)/IMG_20260930_234315_248.jpg","ROI_COLOR_AVAILABLE","178;174;165","IMAGE_QUALITY_INSUFFICIENT","0","1","1.4689004551928464","1.6913330171553518","0.22243256196250538","true","ACCEPTED","0 ppm","Safe","ACCEPTED_WITH_COMPOSITE_DISTANCE_AND_MARGIN"
"A-W 20min (9-30-26)/IMG_20260930_234324_537.jpg","ROI_COLOR_AVAILABLE","187;179;172","IMAGE_QUALITY_ACCEPTABLE","1","0","1.131360480741553","1.1973173676968984","0.06595688695534552","false","LOW","Closest reference: 1 ppm (low confidence)","Unavailable","AMBIGUOUS_RUNNER_UP_MARGIN"
"A-W 20min (9-30-26)/IMG_20260930_234334_889.jpg","ROI_COLOR_AVAILABLE","190;164;145","IMAGE_QUALITY_ACCEPTABLE","1","0","2.374745360444185","2.8522166486501774","0.4774712882059924","false","LOW","Closest reference: 1 ppm (low confidence)","Unavailable","OUTSIDE_COMPOSITE_ACCEPTANCE_THRESHOLD"
"A-W 20min (9-30-26)/IMG_20260930_234356_376.jpg","ROI_COLOR_AVAILABLE","186;180;173","IMAGE_QUALITY_INSUFFICIENT","0","1","1.2062728296602387","1.2402490923732166","0.03397626271297782","false","UNAVAILABLE","No reference match","Unavailable","AMBIGUOUS_RUNNER_UP_MARGIN"
"A-W 20min (9-30-26)/IMG_20260930_234412_014.jpg","ROI_COLOR_AVAILABLE","189;184;177","IMAGE_QUALITY_INSUFFICIENT","1","0","1.1925309474347745","1.2856459337745865","0.09311498633981197","false","UNAVAILABLE","No reference match","Unavailable","AMBIGUOUS_RUNNER_UP_MARGIN"
"A-W 20min (9-30-26)/IMG_20260930_234422_316.jpg","ROI_COLOR_AVAILABLE","178;174;169","IMAGE_QUALITY_INSUFFICIENT","0","1","1.133781164705886","1.5581082258975687","0.42432706119168273","true","ACCEPTED","0 ppm","Safe","ACCEPTED_WITH_COMPOSITE_DISTANCE_AND_MARGIN"
"A-W 20min (9-30-26)/IMG_20260930_234434_165.jpg","ROI_COLOR_AVAILABLE","178;167;159","IMAGE_QUALITY_ACCEPTABLE","1","0","1.5154622167091547","1.532011329141312","0.016549112432157287","false","LOW","Closest reference: 1 ppm (low confidence)","Unavailable","OUTSIDE_COMPOSITE_ACCEPTANCE_THRESHOLD"
"A-W 20min (9-30-26)/IMG_20260930_234447_534.jpg","ROI_COLOR_AVAILABLE","176;175;170","IMAGE_QUALITY_INSUFFICIENT","0","1","1.2268897892589699","1.7662012770156734","0.5393114877567036","true","ACCEPTED","0 ppm","Safe","ACCEPTED_WITH_COMPOSITE_DISTANCE_AND_MARGIN"
"A-W 20min (9-30-26)/IMG_20260930_234457_204.jpg","ROI_COLOR_AVAILABLE","187;181;174","IMAGE_QUALITY_INSUFFICIENT","1","0","1.206446613827431","1.2183077359784005","0.011861122150969461","false","UNAVAILABLE","No reference match","Unavailable","AMBIGUOUS_RUNNER_UP_MARGIN"
"A-W 20min (9-30-26)/IMG_20260930_234509_649.jpg","ROI_COLOR_AVAILABLE","188;181;170","IMAGE_QUALITY_ACCEPTABLE","1","0","1.3228674260157793","1.5269451196259203","0.20407769361014094","true","ACCEPTED","1 ppm","Dangerous","ACCEPTED_WITH_COMPOSITE_DISTANCE_AND_MARGIN"
"AA-PS 1min (9-30-26)/IMG_20260930_223737_993.jpg","ROI_COLOR_AVAILABLE","173;169;165","IMAGE_QUALITY_INSUFFICIENT","0","1","1.210059431496746","1.7439022625448117","0.5338428310480656","true","ACCEPTED","0 ppm","Safe","ACCEPTED_WITH_COMPOSITE_DISTANCE_AND_MARGIN"
"AA-PS 1min (9-30-26)/IMG_20260930_223755_628.jpg","ROI_COLOR_AVAILABLE","165;162;158","IMAGE_QUALITY_INSUFFICIENT","0","1","1.530732873028312","2.1379254928234697","0.6071926197951576","false","UNAVAILABLE","No reference match","Unavailable","OUTSIDE_COMPOSITE_ACCEPTANCE_THRESHOLD"
"AA-PS 1min (9-30-26)/IMG_20260930_223811_990.jpg","ROI_COLOR_AVAILABLE","164;169;165","IMAGE_QUALITY_INSUFFICIENT","0","0.5","1.7197302553897902","2.351827153076448","0.6320968976866579","false","UNAVAILABLE","No reference match","Unavailable","OUTSIDE_COMPOSITE_ACCEPTANCE_THRESHOLD"
"AA-PS 1min (9-30-26)/IMG_20260930_223829_397.jpg","ROI_COLOR_AVAILABLE","166;156;141","IMAGE_QUALITY_ACCEPTABLE","1","0","2.5711572324929204","2.603557178826575","0.032399946333654395","false","LOW","Closest reference: 1 ppm (low confidence)","Unavailable","OUTSIDE_REFERENCE_COLOR_FAMILY"
"AA-PS 1min (9-30-26)/IMG_20260930_223847_111.jpg","ROI_COLOR_AVAILABLE","171;158;147","IMAGE_QUALITY_ACCEPTABLE","1","0","2.101724292180523","2.1729390589534927","0.0712147667729699","false","LOW","Closest reference: 1 ppm (low confidence)","Unavailable","OUTSIDE_REFERENCE_COLOR_FAMILY"
"AA-PS 1min (9-30-26)/IMG_20260930_223911_161.jpg","ROI_COLOR_AVAILABLE","168;156;127","IMAGE_QUALITY_ACCEPTABLE","1","0","3.5935873737520025","3.786921343756591","0.19333397000458863","false","LOW","Closest reference: 1 ppm (low confidence)","Unavailable","OUTSIDE_REFERENCE_COLOR_FAMILY"
"AA-PS 1min (9-30-26)/IMG_20260930_223925_317.jpg","ROI_COLOR_AVAILABLE","166;160;154","IMAGE_QUALITY_INSUFFICIENT","0","1","1.6906012800884582","2.058574132561039","0.36797285247258094","false","UNAVAILABLE","No reference match","Unavailable","OUTSIDE_COMPOSITE_ACCEPTANCE_THRESHOLD"
"AA-PS 1min (9-30-26)/IMG_20260930_223945_565.jpg","ROI_COLOR_AVAILABLE","170;163;157","IMAGE_QUALITY_INSUFFICIENT","0","1","1.5408977179404335","1.8471683723430425","0.30627065440260903","false","UNAVAILABLE","No reference match","Unavailable","OUTSIDE_COMPOSITE_ACCEPTANCE_THRESHOLD"
"AA-PS 1min (9-30-26)/IMG_20260930_223958_005.jpg","ROI_COLOR_AVAILABLE","174;178;173","IMAGE_QUALITY_INSUFFICIENT","0","1","1.4440558010028461","2.088403130261717","0.6443473292588708","true","ACCEPTED","0 ppm","Safe","ACCEPTED_WITH_COMPOSITE_DISTANCE_AND_MARGIN"
"AA-PS 1min (9-30-26)/IMG_20260930_224024_137.jpg","ROI_COLOR_AVAILABLE","169;160;152","IMAGE_QUALITY_ACCEPTABLE","0","1","1.8227769904405786","1.9556294460731485","0.13285245563256987","false","LOW","Closest reference: 0 ppm (low confidence)","Unavailable","OUTSIDE_COMPOSITE_ACCEPTANCE_THRESHOLD"
"AA-PS 1min (9-30-26)/IMG_20260930_224037_870.jpg","NO_ROI","","ROI_UNAVAILABLE","","","","","","false","UNAVAILABLE","No reference match","Unavailable","NITRITE_ROI_INVALID"
"AA-PS 1min (9-30-26)/IMG_20260930_224051_514.jpg","ROI_COLOR_AVAILABLE","171;165;162","IMAGE_QUALITY_INSUFFICIENT","0","1","1.2234383233964603","1.7540163375146591","0.5305780141181988","true","ACCEPTED","0 ppm","Safe","ACCEPTED_WITH_COMPOSITE_DISTANCE_AND_MARGIN"
"AA-PS 1min (9-30-26)/IMG_20260930_224111_646.jpg","ROI_COLOR_AVAILABLE","180;174;164","IMAGE_QUALITY_ACCEPTABLE","0","1","1.5194658767154474","1.5993852335532994","0.07991935683785201","false","LOW","Closest reference: 0 ppm (low confidence)","Unavailable","OUTSIDE_COMPOSITE_ACCEPTANCE_THRESHOLD"
"AA-PS 1min (9-30-26)/IMG_20260930_224124_760.jpg","ROI_COLOR_AVAILABLE","176;170;165","IMAGE_QUALITY_INSUFFICIENT","0","1","1.2014328206457483","1.5702612703672154","0.3688284497214671","true","ACCEPTED","0 ppm","Safe","ACCEPTED_WITH_COMPOSITE_DISTANCE_AND_MARGIN"
"AA-PS 1min (9-30-26)/IMG_20260930_224139_922.jpg","ROI_COLOR_AVAILABLE","177;166;135","IMAGE_QUALITY_ACCEPTABLE","1","0","3.2552023279293603","3.5298331503528195","0.27463082242345926","false","LOW","Closest reference: 1 ppm (low confidence)","Unavailable","OUTSIDE_REFERENCE_COLOR_FAMILY"
"AA-PS 20 mins (9-30-26)/IMG_20260930_230800_760.jpg","ROI_COLOR_AVAILABLE","167;160;158","IMAGE_QUALITY_INSUFFICIENT","0","1","1.3426416980121905","1.9099946577637452","0.5673529597515548","true","ACCEPTED","0 ppm","Safe","ACCEPTED_WITH_COMPOSITE_DISTANCE_AND_MARGIN"
"AA-PS 20 mins (9-30-26)/IMG_20260930_230815_963.jpg","ROI_COLOR_AVAILABLE","166;163;161","IMAGE_QUALITY_INSUFFICIENT","0","0.5","1.3390903126815397","2.0148220926930622","0.6757317800115226","true","ACCEPTED","0 ppm","Safe","ACCEPTED_WITH_COMPOSITE_DISTANCE_AND_MARGIN"
"AA-PS 20 mins (9-30-26)/IMG_20260930_230834_346.jpg","ROI_COLOR_AVAILABLE","156;161;158","IMAGE_QUALITY_INSUFFICIENT","0","0.5","1.9581653744992817","2.6164438434421826","0.6582784689429009","false","UNAVAILABLE","No reference match","Unavailable","OUTSIDE_COMPOSITE_ACCEPTANCE_THRESHOLD"
"AA-PS 20 mins (9-30-26)/IMG_20260930_230851_036.jpg","ROI_COLOR_AVAILABLE","167;155;143","IMAGE_QUALITY_ACCEPTABLE","1","0","2.3561173295119753","2.393092339663729","0.03697501015175364","false","LOW","Closest reference: 1 ppm (low confidence)","Unavailable","OUTSIDE_REFERENCE_COLOR_FAMILY"
"AA-PS 20 mins (9-30-26)/IMG_20260930_230915_953.jpg","ROI_COLOR_AVAILABLE","172;156;145","IMAGE_QUALITY_ACCEPTABLE","1","0","2.1674815358942596","2.294556376379649","0.1270748404853892","false","LOW","Closest reference: 1 ppm (low confidence)","Unavailable","OUTSIDE_REFERENCE_COLOR_FAMILY"
"AA-PS 20 mins (9-30-26)/IMG_20260930_230936_433.jpg","ROI_COLOR_AVAILABLE","173;159;133","IMAGE_QUALITY_ACCEPTABLE","1","0","3.1769248496181377","3.41110010062603","0.23417525100789227","false","LOW","Closest reference: 1 ppm (low confidence)","Unavailable","OUTSIDE_REFERENCE_COLOR_FAMILY"
"AA-PS 20 mins (9-30-26)/IMG_20260930_230952_312.jpg","ROI_COLOR_AVAILABLE","179;174;170","IMAGE_QUALITY_INSUFFICIENT","0","1","1.0211855634648235","1.4559538782080528","0.4347683147432293","true","ACCEPTED","0 ppm","Safe","ACCEPTED_WITH_COMPOSITE_DISTANCE_AND_MARGIN"
"AA-PS 20 mins (9-30-26)/IMG_20260930_231005_947.jpg","ROI_COLOR_AVAILABLE","170;163;162","IMAGE_QUALITY_INSUFFICIENT","0","1","1.1268611051035238","1.7608981387770555","0.6340370336735317","true","ACCEPTED","0 ppm","Safe","ACCEPTED_WITH_COMPOSITE_DISTANCE_AND_MARGIN"
"AA-PS 20 mins (9-30-26)/IMG_20260930_231017_995.jpg","ROI_COLOR_AVAILABLE","186;177;178","IMAGE_QUALITY_INSUFFICIENT","0","1","0.5658786364148656","1.0062193970465396","0.44034076063167404","true","ACCEPTED","0 ppm","Safe","ACCEPTED_WITH_COMPOSITE_DISTANCE_AND_MARGIN"
"AA-PS 20 mins (9-30-26)/IMG_20260930_231030_324.jpg","ROI_COLOR_AVAILABLE","170;160;155","IMAGE_QUALITY_ACCEPTABLE","0","1","1.5608217079166986","1.768816580111019","0.20799487219432033","false","LOW","Closest reference: 0 ppm (low confidence)","Unavailable","OUTSIDE_COMPOSITE_ACCEPTANCE_THRESHOLD"
"AA-PS 20 mins (9-30-26)/IMG_20260930_231042_928.jpg","ROI_COLOR_AVAILABLE","169;163;161","IMAGE_QUALITY_INSUFFICIENT","0","1","1.2290667192324591","1.8374276580183728","0.6083609387859137","true","ACCEPTED","0 ppm","Safe","ACCEPTED_WITH_COMPOSITE_DISTANCE_AND_MARGIN"
"AA-PS 20 mins (9-30-26)/IMG_20260930_231056_775.jpg","ROI_COLOR_AVAILABLE","175;168;169","IMAGE_QUALITY_INSUFFICIENT","0","0.5","0.761731187663604","1.4367049004823906","0.6749737128187866","true","ACCEPTED","0 ppm","Safe","ACCEPTED_WITH_COMPOSITE_DISTANCE_AND_MARGIN"
"AA-PS 20 mins (9-30-26)/IMG_20260930_231109_996.jpg","ROI_COLOR_AVAILABLE","176;165;161","IMAGE_QUALITY_ACCEPTABLE","0","1","1.2577255475311306","1.4315424987981469","0.17381695126701624","false","LOW","Closest reference: 0 ppm (low confidence)","Unavailable","AMBIGUOUS_RUNNER_UP_MARGIN"
"AA-PS 20 mins (9-30-26)/IMG_20260930_231216_797.jpg","ROI_COLOR_AVAILABLE","178;165;139","IMAGE_QUALITY_ACCEPTABLE","1","0","2.8881285018210385","3.1636651806384557","0.27553667881741717","false","LOW","Closest reference: 1 ppm (low confidence)","Unavailable","OUTSIDE_REFERENCE_COLOR_FAMILY"
"AA-PS 20 mins (9-30-26)/IMG_20260930_231230_208.jpg","ROI_COLOR_AVAILABLE","172;164;165","IMAGE_QUALITY_INSUFFICIENT","0","0.5","0.909258996617532","1.553157175223122","0.64389817860559","true","ACCEPTED","0 ppm","Safe","ACCEPTED_WITH_COMPOSITE_DISTANCE_AND_MARGIN"
"C-FS 1min (9-30-26)/IMG_20260930_232338_567.jpg","ROI_COLOR_AVAILABLE","163;150;147","IMAGE_QUALITY_ACCEPTABLE","0","1","1.917553062906754","2.061479155658334","0.14392609275157997","false","LOW","Closest reference: 0 ppm (low confidence)","Unavailable","OUTSIDE_COMPOSITE_ACCEPTANCE_THRESHOLD"
"C-FS 1min (9-30-26)/IMG_20260930_232357_354.jpg","ROI_COLOR_AVAILABLE","159;146;122","IMAGE_QUALITY_ACCEPTABLE","1","0","3.748972852125737","3.862625674439815","0.11365282231407825","false","LOW","Closest reference: 1 ppm (low confidence)","Unavailable","OUTSIDE_REFERENCE_COLOR_FAMILY"
"C-FS 1min (9-30-26)/IMG_20260930_232409_061.jpg","ROI_COLOR_AVAILABLE","163;157;146","IMAGE_QUALITY_ACCEPTABLE","0","1","2.249978799752743","2.4255487851842887","0.17556998543154556","false","LOW","Closest reference: 0 ppm (low confidence)","Unavailable","OUTSIDE_COMPOSITE_ACCEPTANCE_THRESHOLD"
"C-FS 1min (9-30-26)/IMG_20260930_232422_607.jpg","ROI_COLOR_AVAILABLE","169;160;150","IMAGE_QUALITY_ACCEPTABLE","0","1","1.9962288649283089","2.0675965117416117","0.07136764681330288","false","LOW","Closest reference: 0 ppm (low confidence)","Unavailable","OUTSIDE_COMPOSITE_ACCEPTANCE_THRESHOLD"
"C-FS 1min (9-30-26)/IMG_20260930_232433_379.jpg","ROI_COLOR_AVAILABLE","165;157;151","IMAGE_QUALITY_ACCEPTABLE","0","1","1.7981772218375942","2.074205990782881","0.27602876894528694","false","LOW","Closest reference: 0 ppm (low confidence)","Unavailable","OUTSIDE_COMPOSITE_ACCEPTANCE_THRESHOLD"
"C-FS 1min (9-30-26)/IMG_20260930_232445_033.jpg","ROI_COLOR_AVAILABLE","160;154;145","IMAGE_QUALITY_ACCEPTABLE","0","1","2.221928458280336","2.4726171870161475","0.2506887287358115","false","LOW","Closest reference: 0 ppm (low confidence)","Unavailable","OUTSIDE_REFERENCE_COLOR_FAMILY"
"C-FS 1min (9-30-26)/IMG_20260930_232457_548.jpg","NO_ROI","","ROI_UNAVAILABLE","","","","","","false","UNAVAILABLE","No reference match","Unavailable","PH_ROI_INVALID"
"C-FS 1min (9-30-26)/IMG_20260930_232508_770.jpg","ROI_COLOR_AVAILABLE","167;162;157","IMAGE_QUALITY_INSUFFICIENT","0","1","1.5426341988418548","2.0070295214842053","0.4643953226423505","false","UNAVAILABLE","No reference match","Unavailable","OUTSIDE_COMPOSITE_ACCEPTANCE_THRESHOLD"
"C-FS 1min (9-30-26)/IMG_20260930_232522_647.jpg","ROI_COLOR_AVAILABLE","170;161;159","IMAGE_QUALITY_INSUFFICIENT","0","1","1.2696282989311538","1.7222810944400588","0.452652795508905","true","ACCEPTED","0 ppm","Safe","ACCEPTED_WITH_COMPOSITE_DISTANCE_AND_MARGIN"
"C-FS 1min (9-30-26)/IMG_20260930_232540_255.jpg","NO_ROI","","ROI_UNAVAILABLE","","","","","","false","UNAVAILABLE","No reference match","Unavailable","NITRITE_ROI_INVALID"
"C-FS 1min (9-30-26)/IMG_20260930_232602_165.jpg","ROI_COLOR_AVAILABLE","164;152;133","IMAGE_QUALITY_ACCEPTABLE","1","0","3.038496175354023","3.133794879270823","0.09529870391679962","false","LOW","Closest reference: 1 ppm (low confidence)","Unavailable","OUTSIDE_REFERENCE_COLOR_FAMILY"
"C-FS 1min (9-30-26)/IMG_20260930_232616_765.jpg","ROI_COLOR_AVAILABLE","157;136;94","IMAGE_QUALITY_ACCEPTABLE","1","0","5.787762229563877","6.012522534918645","0.224760305354768","false","LOW","Closest reference: 1 ppm (low confidence)","Unavailable","OUTSIDE_REFERENCE_COLOR_FAMILY"
"C-FS 1min (9-30-26)/IMG_20260930_232629_603.jpg","ROI_COLOR_AVAILABLE","171;158;142","IMAGE_QUALITY_ACCEPTABLE","1","0","2.4705005331205636","2.602022058950827","0.13152152583026355","false","LOW","Closest reference: 1 ppm (low confidence)","Unavailable","OUTSIDE_REFERENCE_COLOR_FAMILY"
"C-FS 1min (9-30-26)/IMG_20260930_232645_803.jpg","NO_ROI","","ROI_UNAVAILABLE","","","","","","false","UNAVAILABLE","No reference match","Unavailable","NITRITE_ROI_INVALID"
"C-FS 1min (9-30-26)/IMG_20260930_232701_283.jpg","ROI_COLOR_AVAILABLE","162;149;148","IMAGE_QUALITY_ACCEPTABLE","0","1","1.8274739816725851","2.075282069511643","0.24780808783905806","false","LOW","Closest reference: 0 ppm (low confidence)","Unavailable","OUTSIDE_COMPOSITE_ACCEPTANCE_THRESHOLD"
"C-FS 20min (9-30-26)/IMG_20260930_234801_855.jpg","ROI_COLOR_AVAILABLE","175;159;155","IMAGE_QUALITY_ACCEPTABLE","1","0","1.5351421567523047","1.5853531333619906","0.050210976609685876","false","LOW","Closest reference: 1 ppm (low confidence)","Unavailable","OUTSIDE_REFERENCE_COLOR_FAMILY"
"C-FS 20min (9-30-26)/IMG_20260930_234818_243.jpg","ROI_COLOR_AVAILABLE","175;163;134","IMAGE_QUALITY_ACCEPTABLE","1","0","3.2329328881898935","3.485216764851632","0.25228387666173857","false","LOW","Closest reference: 1 ppm (low confidence)","Unavailable","OUTSIDE_REFERENCE_COLOR_FAMILY"
"C-FS 20min (9-30-26)/IMG_20260930_234829_917.jpg","ROI_COLOR_AVAILABLE","176;163;155","IMAGE_QUALITY_ACCEPTABLE","1","0","1.6353894483856195","1.6984008416939276","0.06301139330830807","false","LOW","Closest reference: 1 ppm (low confidence)","Unavailable","OUTSIDE_COMPOSITE_ACCEPTANCE_THRESHOLD"
"C-FS 20min (9-30-26)/IMG_20260930_234841_272.jpg","ROI_COLOR_AVAILABLE","182;170;162","IMAGE_QUALITY_ACCEPTABLE","1","0","1.328896090982797","1.4388779317319937","0.10998184074919681","false","LOW","Closest reference: 1 ppm (low confidence)","Unavailable","AMBIGUOUS_RUNNER_UP_MARGIN"
"C-FS 20min (9-30-26)/IMG_20260930_234852_466.jpg","ROI_COLOR_AVAILABLE","176;165;162","IMAGE_QUALITY_INSUFFICIENT","0","1","1.1719768315106964","1.4077031172984524","0.235726285787756","true","ACCEPTED","0 ppm","Safe","ACCEPTED_WITH_COMPOSITE_DISTANCE_AND_MARGIN"
"C-FS 20min (9-30-26)/IMG_20260930_234904_068.jpg","ROI_COLOR_AVAILABLE","167;156;149","IMAGE_QUALITY_ACCEPTABLE","0","1","1.917802645682033","2.011626433523731","0.09382378784169787","false","LOW","Closest reference: 0 ppm (low confidence)","Unavailable","OUTSIDE_COMPOSITE_ACCEPTANCE_THRESHOLD"
"C-FS 20min (9-30-26)/IMG_20260930_234913_562.jpg","ROI_COLOR_AVAILABLE","179;170;161","IMAGE_QUALITY_ACCEPTABLE","0","1","1.5198627917313967","1.536281460257108","0.016418668525711277","false","LOW","Closest reference: 0 ppm (low confidence)","Unavailable","OUTSIDE_COMPOSITE_ACCEPTANCE_THRESHOLD"
"C-FS 20min (9-30-26)/IMG_20260930_234922_932.jpg","ROI_COLOR_AVAILABLE","176;168;162","IMAGE_QUALITY_INSUFFICIENT","0","1","1.3281924437078532","1.548276577077362","0.22008413336950894","true","ACCEPTED","0 ppm","Safe","ACCEPTED_WITH_COMPOSITE_DISTANCE_AND_MARGIN"
"C-FS 20min (9-30-26)/IMG_20260930_234937_572.jpg","ROI_COLOR_AVAILABLE","180;169;169","IMAGE_QUALITY_INSUFFICIENT","0","1","0.7605584453596829","1.198643250067941","0.43808480470825806","true","ACCEPTED","0 ppm","Safe","ACCEPTED_WITH_COMPOSITE_DISTANCE_AND_MARGIN"
"C-FS 20min (9-30-26)/IMG_20260930_234954_013.jpg","ROI_COLOR_AVAILABLE","176;164;155","IMAGE_QUALITY_ACCEPTABLE","1","0","1.6828656106974462","1.7382853702826428","0.055419759585196626","false","LOW","Closest reference: 1 ppm (low confidence)","Unavailable","OUTSIDE_COMPOSITE_ACCEPTANCE_THRESHOLD"
"C-FS 20min (9-30-26)/IMG_20260930_235007_874.jpg","ROI_COLOR_AVAILABLE","170;158;138","IMAGE_QUALITY_ACCEPTABLE","1","0","2.793794664067742","2.940289406000433","0.1464947419326914","false","LOW","Closest reference: 1 ppm (low confidence)","Unavailable","OUTSIDE_REFERENCE_COLOR_FAMILY"
"C-FS 20min (9-30-26)/IMG_20260930_235021_504.jpg","ROI_COLOR_AVAILABLE","166;144;100","IMAGE_QUALITY_ACCEPTABLE","1","0","5.429309662091158","5.718330944254234","0.289021282163076","false","LOW","Closest reference: 1 ppm (low confidence)","Unavailable","OUTSIDE_REFERENCE_COLOR_FAMILY"
"C-FS 20min (9-30-26)/IMG_20260930_235041_353.jpg","ROI_COLOR_AVAILABLE","168;149;135","IMAGE_QUALITY_ACCEPTABLE","1","0","2.7818079010716583","2.929094731111057","0.1472868300393988","false","LOW","Closest reference: 1 ppm (low confidence)","Unavailable","OUTSIDE_REFERENCE_COLOR_FAMILY"
"C-FS 20min (9-30-26)/IMG_20260930_235139_673.jpg","ROI_COLOR_AVAILABLE","169;139;97","IMAGE_QUALITY_ACCEPTABLE","1","0","5.645555634756259","5.960216593547741","0.3146609587914817","false","LOW","Closest reference: 1 ppm (low confidence)","Unavailable","OUTSIDE_REFERENCE_COLOR_FAMILY"
"C-FS 20min (9-30-26)/IMG_20260930_235151_643.jpg","ROI_COLOR_AVAILABLE","168;154;154","IMAGE_QUALITY_ACCEPTABLE","0","1","1.5020156642266709","1.7608961263810796","0.25888046215440874","false","LOW","Closest reference: 0 ppm (low confidence)","Unavailable","OUTSIDE_COMPOSITE_ACCEPTANCE_THRESHOLD"
