sample_id,class,site,reaction_time,lab_ph,image,pairing_provenance,registration_status,registration_failure_code,registration_confidence,ph_roi_rgb,ph_roi_lab_d65,hsv_h_s_v,chromatic_rgb,ph_roi_sample_count,ph_color_quality,ph_color_quality_reasons,model_status,nested_oof_prediction_mean,nested_oof_abs_error,app_ph_result,app_absolute_error,app_ph_status
A-01,A,Well,20 minutes,7.22,A-W 20min (9-30-26)/IMG_20260930_234200_085.jpg,chronological rank within class/reaction-time folders; physical strip ID not embedded in metadata,REGISTERED,,0.832679555719634,186 178 142,72.3844 -3.0146 19.4686,49.091 0.236559 0.729412,0.367589 0.351779 0.280632,9668,IMAGE_QUALITY_ACCEPTABLE,,OFFICIAL_TIME_CONTINUOUS_COLOR_MODEL,7.418948,0.198948,7.390968645,0.170968645,Estimated
A-02,A,Well,20 minutes,7.22,A-W 20min (9-30-26)/IMG_20260930_234237_081.jpg,chronological rank within class/reaction-time folders; physical strip ID not embedded in metadata,REGISTERED,,0.8460113786112209,174 174 135,70.1903 -6.5436 20.0912,60.000 0.224138 0.682353,0.360248 0.360248 0.279503,9096,IMAGE_QUALITY_ACCEPTABLE,,OFFICIAL_TIME_CONTINUOUS_COLOR_MODEL,7.549367,0.329367,7.466392912,0.246392912,Estimated
A-03,A,Well,20 minutes,7.22,A-W 20min (9-30-26)/IMG_20260930_234247_335.jpg,chronological rank within class/reaction-time folders; physical strip ID not embedded in metadata,REGISTERED,,0.8859920168507884,173 181 140,72.1118 -9.8711 20.0099,71.707 0.226519 0.709804,0.350202 0.366397 0.283401,9886,IMAGE_QUALITY_ACCEPTABLE,,OFFICIAL_TIME_CONTINUOUS_COLOR_MODEL,7.220000,0.000000,7.220000000,0.000000000,Estimated
A-04,A,Well,20 minutes,7.22,A-W 20min (9-30-26)/IMG_20260930_234257_372.jpg,chronological rank within class/reaction-time folders; physical strip ID not embedded in metadata,REGISTERED,,0.8407951506296498,187 175 117,71.2213 -4.2970 31.3131,49.714 0.374332 0.733333,0.390397 0.365344 0.244259,9510,IMAGE_QUALITY_ACCEPTABLE,,OFFICIAL_TIME_CONTINUOUS_COLOR_MODEL,7.601876,0.381876,7.308018935,0.088018935,Estimated
A-05,A,Well,20 minutes,7.22,A-W 20min (9-30-26)/IMG_20260930_234306_522.jpg,chronological rank within class/reaction-time folders; physical strip ID not embedded in metadata,REGISTERED,,0.845365308798345,182 174 135,70.8483 -3.4345 21.0982,49.787 0.258242 0.713725,0.370672 0.354379 0.274949,9747,IMAGE_QUALITY_ACCEPTABLE,,OFFICIAL_TIME_CONTINUOUS_COLOR_MODEL,7.594125,0.374125,7.613579020,0.393579020,Estimated
A-06,A,Well,20 minutes,7.22,A-W 20min (9-30-26)/IMG_20260930_234315_248.jpg,chronological rank within class/reaction-time folders; physical strip ID not embedded in metadata,REGISTERED,,0.8457772125896383,183 171 133,70.0970 -1.7176 21.1709,45.600 0.273224 0.717647,0.375770 0.351129 0.273101,10026,IMAGE_QUALITY_ACCEPTABLE,,OFFICIAL_TIME_CONTINUOUS_COLOR_MODEL,7.749259,0.529259,7.754709458,0.534709458,Estimated
A-07,A,Well,20 minutes,7.22,A-W 20min (9-30-26)/IMG_20260930_234324_537.jpg,chronological rank within class/reaction-time folders; physical strip ID not embedded in metadata,REGISTERED,,0.8694521349114599,190 180 142,73.2484 -2.5307 20.7094,47.500 0.252632 0.745098,0.371094 0.351563 0.277344,10138,IMAGE_QUALITY_ACCEPTABLE,,OFFICIAL_TIME_CONTINUOUS_COLOR_MODEL,7.461853,0.241853,7.420530874,0.200530874,Estimated
A-08,A,Well,20 minutes,7.22,A-W 20min (9-30-26)/IMG_20260930_234334_889.jpg,chronological rank within class/reaction-time folders; physical strip ID not embedded in metadata,REGISTERED,,0.8300837574266736,184 178 125,71.9015 -6.1074 27.9186,53.898 0.320652 0.721569,0.377823 0.365503 0.256674,8801,IMAGE_QUALITY_ACCEPTABLE,,OFFICIAL_TIME_CONTINUOUS_COLOR_MODEL,7.442882,0.222882,7.347992306,0.127992306,Estimated
A-09,A,Well,20 minutes,7.22,A-W 20min (9-30-26)/IMG_20260930_234356_376.jpg,chronological rank within class/reaction-time folders; physical strip ID not embedded in metadata,REGISTERED,,0.8412240833355963,194 185 151,75.0781 -2.3526 18.4350,47.442 0.221649 0.760784,0.366038 0.349057 0.284906,9792,IMAGE_QUALITY_ACCEPTABLE,,OFFICIAL_TIME_CONTINUOUS_COLOR_MODEL,7.220000,0.000000,7.220000000,0.000000000,Estimated
A-10,A,Well,20 minutes,7.22,A-W 20min (9-30-26)/IMG_20260930_234412_014.jpg,chronological rank within class/reaction-time folders; physical strip ID not embedded in metadata,REGISTERED,,0.8583383692514457,198 187 148,75.8758 -2.3059 21.1983,46.800 0.252525 0.776471,0.371482 0.350844 0.277674,10393,IMAGE_QUALITY_ACCEPTABLE,,OFFICIAL_TIME_CONTINUOUS_COLOR_MODEL,7.247032,0.027032,7.220000000,0.000000000,Estimated
A-11,A,Well,20 minutes,7.22,A-W 20min (9-30-26)/IMG_20260930_234422_316.jpg,chronological rank within class/reaction-time folders; physical strip ID not embedded in metadata,REGISTERED,,0.8473017166613027,189 181 133,73.2597 -4.6773 25.5415,51.429 0.296296 0.741176,0.375746 0.359841 0.264414,10553,IMAGE_QUALITY_ACCEPTABLE,,OFFICIAL_TIME_CONTINUOUS_COLOR_MODEL,7.426528,0.206528,7.450212785,0.230212785,Estimated
A-12,A,Well,20 minutes,7.22,A-W 20min (9-30-26)/IMG_20260930_234434_165.jpg,chronological rank within class/reaction-time folders; physical strip ID not embedded in metadata,REGISTERED,,0.8409093966144046,187 174 130,71.1798 -2.1478 24.3203,46.316 0.304813 0.733333,0.380855 0.354379 0.264766,10117,IMAGE_QUALITY_ACCEPTABLE,,OFFICIAL_TIME_CONTINUOUS_COLOR_MODEL,7.757367,0.537367,7.748311832,0.528311832,Estimated
A-13,A,Well,20 minutes,7.22,A-W 20min (9-30-26)/IMG_20260930_234447_534.jpg,chronological rank within class/reaction-time folders; physical strip ID not embedded in metadata,REGISTERED,,0.8317868971112597,186 175 138,71.5108 -1.9857 20.4341,46.250 0.258065 0.729412,0.372745 0.350701 0.276553,9696,IMAGE_QUALITY_ACCEPTABLE,,OFFICIAL_TIME_CONTINUOUS_COLOR_MODEL,7.588845,0.368845,7.584231283,0.364231283,Estimated
A-14,A,Well,20 minutes,7.22,A-W 20min (9-30-26)/IMG_20260930_234457_204.jpg,chronological rank within class/reaction-time folders; physical strip ID not embedded in metadata,REGISTERED,,0.8462443648465734,193 182 144,74.0667 -2.1500 20.7954,46.531 0.253886 0.756863,0.371869 0.350674 0.277457,9388,IMAGE_QUALITY_ACCEPTABLE,,OFFICIAL_TIME_CONTINUOUS_COLOR_MODEL,7.382423,0.162423,7.366961501,0.146961501,Estimated
A-15,A,Well,20 minutes,7.22,A-W 20min (9-30-26)/IMG_20260930_234509_649.jpg,chronological rank within class/reaction-time folders; physical strip ID not embedded in metadata,REGISTERED,,0.839249793599748,189 174 141,71.5652 0.1407 18.9220,41.250 0.253968 0.741176,0.375000 0.345238 0.279762,9130,IMAGE_QUALITY_ACCEPTABLE,,OFFICIAL_TIME_CONTINUOUS_COLOR_MODEL,7.595444,0.375444,7.529531162,0.309531162,Estimated
SB-01,SB,Fish Farm,20 minutes,8.16,C-FS 20min (9-30-26)/IMG_20260930_234801_855.jpg,chronological rank within class/reaction-time folders; physical strip ID not embedded in metadata,REGISTERED,,0.836336346769815,173 160 126,66.1616 -0.7096 19.4765,43.404 0.271676 0.678431,0.376906 0.348584 0.274510,9509,IMAGE_QUALITY_ACCEPTABLE,,OFFICIAL_TIME_CONTINUOUS_COLOR_MODEL,8.012397,0.147603,8.008582557,0.151417443,Estimated
SB-02,SB,Fish Farm,20 minutes,8.16,C-FS 20min (9-30-26)/IMG_20260930_234818_243.jpg,chronological rank within class/reaction-time folders; physical strip ID not embedded in metadata,REGISTERED,,0.7994872022450196,184 165 122,68.3926 0.4501 24.8493,41.613 0.336957 0.721569,0.390658 0.350318 0.259023,10083,IMAGE_QUALITY_ACCEPTABLE,,OFFICIAL_TIME_CONTINUOUS_COLOR_MODEL,8.003473,0.156527,8.037946642,0.122053358,Estimated
SB-03,SB,Fish Farm,20 minutes,8.16,C-FS 20min (9-30-26)/IMG_20260930_234829_917.jpg,chronological rank within class/reaction-time folders; physical strip ID not embedded in metadata,REGISTERED,,0.836474963411854,183 166 128,68.6783 0.2917 21.9587,41.455 0.300546 0.717647,0.383648 0.348008 0.268344,9694,IMAGE_QUALITY_ACCEPTABLE,,OFFICIAL_TIME_CONTINUOUS_COLOR_MODEL,7.960192,0.199808,7.965781114,0.194218886,Estimated
SB-04,SB,Fish Farm,20 minutes,8.16,C-FS 20min (9-30-26)/IMG_20260930_234841_272.jpg,chronological rank within class/reaction-time folders; physical strip ID not embedded in metadata,REGISTERED,,0.8691760461346025,185 174 133,71.0641 -2.5356 22.5162,47.308 0.281081 0.725490,0.376016 0.353659 0.270325,9190,IMAGE_QUALITY_ACCEPTABLE,,OFFICIAL_TIME_CONTINUOUS_COLOR_MODEL,7.669912,0.490088,7.696161097,0.463838903,Estimated
SB-05,SB,Fish Farm,20 minutes,8.16,C-FS 20min (9-30-26)/IMG_20260930_234852_466.jpg,chronological rank within class/reaction-time folders; physical strip ID not embedded in metadata,REGISTERED,,0.838174551185484,185 174 136,71.1218 -2.1221 20.9714,46.531 0.264865 0.725490,0.373737 0.351515 0.274747,9862,IMAGE_QUALITY_ACCEPTABLE,,OFFICIAL_TIME_CONTINUOUS_COLOR_MODEL,7.612132,0.547868,7.644134653,0.515865347,Estimated
SB-06,SB,Fish Farm,20 minutes,8.16,C-FS 20min (9-30-26)/IMG_20260930_234904_068.jpg,chronological rank within class/reaction-time folders; physical strip ID not embedded in metadata,REGISTERED,,0.8064773015188764,177 165 129,67.9049 -1.4118 20.2721,45.000 0.271186 0.694118,0.375796 0.350318 0.273885,9685,IMAGE_QUALITY_ACCEPTABLE,,OFFICIAL_TIME_CONTINUOUS_COLOR_MODEL,7.880793,0.279207,7.894429382,0.265570618,Estimated
SB-07,SB,Fish Farm,20 minutes,8.16,C-FS 20min (9-30-26)/IMG_20260930_234913_562.jpg,chronological rank within class/reaction-time folders; physical strip ID not embedded in metadata,REGISTERED,,0.8554785085013048,188 176 131,71.8133 -2.6859 24.6511,47.368 0.303191 0.737255,0.379798 0.355556 0.264646,11046,IMAGE_QUALITY_ACCEPTABLE,,OFFICIAL_TIME_CONTINUOUS_COLOR_MODEL,7.582096,0.577904,7.679075328,0.480924672,Estimated
SB-08,SB,Fish Farm,20 minutes,8.16,C-FS 20min (9-30-26)/IMG_20260930_234922_932.jpg,chronological rank within class/reaction-time folders; physical strip ID not embedded in metadata,REGISTERED,,0.8308576914802399,183 166 124,68.6033 -0.2351 24.0321,42.712 0.322404 0.717647,0.386892 0.350951 0.262156,9796,IMAGE_QUALITY_ACCEPTABLE,,OFFICIAL_TIME_CONTINUOUS_COLOR_MODEL,7.958174,0.201826,7.994390358,0.165609642,Estimated
SB-09,SB,Fish Farm,20 minutes,8.16,C-FS 20min (9-30-26)/IMG_20260930_234937_572.jpg,chronological rank within class/reaction-time folders; physical strip ID not embedded in metadata,REGISTERED,,0.8326670823245308,192 177 132,72.4404 -1.5055 25.0182,45.000 0.312500 0.752941,0.383234 0.353293 0.263473,10869,IMAGE_QUALITY_ACCEPTABLE,,OFFICIAL_TIME_CONTINUOUS_COLOR_MODEL,7.634355,0.525645,7.715374744,0.444625256,Estimated
SB-10,SB,Fish Farm,20 minutes,8.16,C-FS 20min (9-30-26)/IMG_20260930_234954_013.jpg,chronological rank within class/reaction-time folders; physical strip ID not embedded in metadata,REGISTERED,,0.8435969051943387,183 162 117,67.4220 1.0445 26.2467,40.909 0.360656 0.717647,0.396104 0.350649 0.253247,10205,IMAGE_QUALITY_ACCEPTABLE,,OFFICIAL_TIME_CONTINUOUS_COLOR_MODEL,8.084867,0.075133,8.086566085,0.073433915,Estimated
SB-11,SB,Fish Farm,20 minutes,8.16,C-FS 20min (9-30-26)/IMG_20260930_235007_874.jpg,chronological rank within class/reaction-time folders; physical strip ID not embedded in metadata,REGISTERED,,0.8386024859613636,169 147 103,61.8975 1.7862 26.3294,40.000 0.390533 0.662745,0.403341 0.350835 0.245823,9465,IMAGE_QUALITY_ACCEPTABLE,,OFFICIAL_TIME_CONTINUOUS_COLOR_MODEL,8.210000,0.050000,8.210000000,0.050000000,Estimated
SB-12,SB,Fish Farm,20 minutes,8.16,C-FS 20min (9-30-26)/IMG_20260930_235021_504.jpg,chronological rank within class/reaction-time folders; physical strip ID not embedded in metadata,REGISTERED,,0.81239114831915,179 146 101,62.5773 6.2880 28.4969,34.615 0.435754 0.701961,0.420188 0.342723 0.237089,10209,IMAGE_QUALITY_ACCEPTABLE,,OFFICIAL_TIME_CONTINUOUS_COLOR_MODEL,8.210000,0.050000,8.210000000,0.050000000,Estimated
SB-13,SB,Fish Farm,20 minutes,8.16,C-FS 20min (9-30-26)/IMG_20260930_235041_353.jpg,chronological rank within class/reaction-time folders; physical strip ID not embedded in metadata,REGISTERED,,0.8250782280195618,170 146 105,61.7619 2.9937 25.0686,37.846 0.382353 0.666667,0.403800 0.346793 0.249406,10338,IMAGE_QUALITY_ACCEPTABLE,,OFFICIAL_TIME_CONTINUOUS_COLOR_MODEL,8.210000,0.050000,8.210000000,0.050000000,Estimated
SB-14,SB,Fish Farm,20 minutes,8.16,C-FS 20min (9-30-26)/IMG_20260930_235139_673.jpg,chronological rank within class/reaction-time folders; physical strip ID not embedded in metadata,REGISTERED,,0.7772735572609383,183 167 132,69.0197 0.2959 20.2427,41.176 0.278689 0.717647,0.379668 0.346473 0.273859,10716,IMAGE_QUALITY_ACCEPTABLE,,OFFICIAL_TIME_CONTINUOUS_COLOR_MODEL,7.839712,0.320288,7.857409611,0.302590389,Estimated
SB-15,SB,Fish Farm,20 minutes,8.16,C-FS 20min (9-30-26)/IMG_20260930_235151_643.jpg,chronological rank within class/reaction-time folders; physical strip ID not embedded in metadata,REGISTERED,,0.8320392418452045,176 165 128,67.7987 -1.9470 20.6599,46.250 0.272727 0.690196,0.375267 0.351812 0.272921,9232,IMAGE_QUALITY_ACCEPTABLE,,OFFICIAL_TIME_CONTINUOUS_COLOR_MODEL,7.868665,0.291335,7.900348048,0.259651952,Estimated
SA-01,SA,Pawikan,1 minute,8.21,AA-PS 1min (9-30-26)/IMG_20260930_223737_993.jpg,chronological rank within class/reaction-time folders; physical strip ID not embedded in metadata,REGISTERED,,0.8412433072621283,186 135 104,60.5769 15.6253 24.3509,22.683 0.440860 0.729412,0.437647 0.317647 0.244706,9050,IMAGE_QUALITY_ACCEPTABLE,,OFFICIAL_TIME_CONTINUOUS_COLOR_MODEL,8.210000,0.000000,8.210000000,0.000000000,Estimated
SA-02,SA,Pawikan,1 minute,8.21,AA-PS 1min (9-30-26)/IMG_20260930_223755_628.jpg,chronological rank within class/reaction-time folders; physical strip ID not embedded in metadata,REGISTERED,,0.8181298636452679,184 133 102,59.8225 15.6951 24.4269,22.683 0.445652 0.721569,0.439141 0.317422 0.243437,8664,IMAGE_QUALITY_ACCEPTABLE,,OFFICIAL_TIME_CONTINUOUS_COLOR_MODEL,8.210000,0.000000,8.210000000,0.000000000,Estimated
SA-03,SA,Pawikan,1 minute,8.21,AA-PS 1min (9-30-26)/IMG_20260930_223811_990.jpg,chronological rank within class/reaction-time folders; physical strip ID not embedded in metadata,REGISTERED,,0.7982276944499704,192 133 107,60.8217 19.5149 23.1203,18.353 0.442708 0.752941,0.444444 0.307870 0.247685,9401,IMAGE_QUALITY_ACCEPTABLE,,OFFICIAL_TIME_CONTINUOUS_COLOR_MODEL,8.174775,0.035225,8.153988161,0.056011839,Estimated
SA-04,SA,Pawikan,1 minute,8.21,AA-PS 1min (9-30-26)/IMG_20260930_223829_397.jpg,chronological rank within class/reaction-time folders; physical strip ID not embedded in metadata,REGISTERED,,0.8631662323421627,170 123 81,55.3880 13.2790 30.0551,28.315 0.523529 0.666667,0.454545 0.328877 0.216578,8486,IMAGE_QUALITY_ACCEPTABLE,,OFFICIAL_TIME_CONTINUOUS_COLOR_MODEL,8.019196,0.190804,8.055178434,0.154821566,Estimated
SA-05,SA,Pawikan,1 minute,8.21,AA-PS 1min (9-30-26)/IMG_20260930_223847_111.jpg,chronological rank within class/reaction-time folders; physical strip ID not embedded in metadata,REGISTERED,,0.829765314522621,172 123 88,55.7285 14.8120 26.6429,25.000 0.488372 0.674510,0.449086 0.321149 0.229765,8221,IMAGE_QUALITY_ACCEPTABLE,,OFFICIAL_TIME_CONTINUOUS_COLOR_MODEL,8.208837,0.001163,8.210000000,0.000000000,Estimated
SA-06,SA,Pawikan,1 minute,8.21,AA-PS 1min (9-30-26)/IMG_20260930_223911_161.jpg,chronological rank within class/reaction-time folders; physical strip ID not embedded in metadata,REGISTERED,,0.8354560926575189,178 134 89,59.1943 11.2890 30.6714,30.337 0.500000 0.698039,0.443890 0.334165 0.221945,10443,IMAGE_QUALITY_ACCEPTABLE,,OFFICIAL_TIME_CONTINUOUS_COLOR_MODEL,8.087524,0.122476,8.145639821,0.064360179,Estimated
SA-07,SA,Pawikan,1 minute,8.21,AA-PS 1min (9-30-26)/IMG_20260930_223925_317.jpg,chronological rank within class/reaction-time folders; physical strip ID not embedded in metadata,REGISTERED,,0.8332821240256045,183 138 110,61.1084 13.4030 21.6510,23.014 0.398907 0.717647,0.424594 0.320186 0.255220,8785,IMAGE_QUALITY_ACCEPTABLE,,OFFICIAL_TIME_CONTINUOUS_COLOR_MODEL,8.210000,0.000000,8.210000000,0.000000000,Estimated
SA-08,SA,Pawikan,1 minute,8.21,AA-PS 1min (9-30-26)/IMG_20260930_223945_565.jpg,chronological rank within class/reaction-time folders; physical strip ID not embedded in metadata,REGISTERED,,0.8478884881664921,188 152 120,65.3619 8.9033 21.9264,28.235 0.361702 0.737255,0.408696 0.330435 0.260870,9740,IMAGE_QUALITY_ACCEPTABLE,,OFFICIAL_TIME_CONTINUOUS_COLOR_MODEL,8.210000,0.000000,8.210000000,0.000000000,Estimated
SA-09,SA,Pawikan,1 minute,8.21,AA-PS 1min (9-30-26)/IMG_20260930_223958_005.jpg,chronological rank within class/reaction-time folders; physical strip ID not embedded in metadata,REGISTERED,,0.7819514367642799,168 170.5 162,69.3774 -2.4712 4.0645,77.647 0.049853 0.668627,0.335664 0.340659 0.323676,828,IMAGE_QUALITY_INSUFFICIENT,LOW_SATURATION,IMAGE_QUALITY_INSUFFICIENT,,,,,IMAGE_QUALITY_INSUFFICIENT
SA-10,SA,Pawikan,1 minute,8.21,AA-PS 1min (9-30-26)/IMG_20260930_224024_137.jpg,chronological rank within class/reaction-time folders; physical strip ID not embedded in metadata,REGISTERED,,0.820894157516677,180 150 112,63.9069 5.7635 24.2418,33.529 0.377778 0.705882,0.407240 0.339367 0.253394,9631,IMAGE_QUALITY_ACCEPTABLE,,OFFICIAL_TIME_CONTINUOUS_COLOR_MODEL,8.210000,0.000000,8.210000000,0.000000000,Estimated
SA-11,SA,Pawikan,1 minute,8.21,AA-PS 1min (9-30-26)/IMG_20260930_224037_870.jpg,chronological rank within class/reaction-time folders; physical strip ID not embedded in metadata,STRIP_REGISTRATION_FAILED,NITRITE_ROI_INVALID,,,,,,,UNAVAILABLE,,STRIP_REGISTRATION_FAILED,,,,,STRIP_REGISTRATION_FAILED
SA-12,SA,Pawikan,1 minute,8.21,AA-PS 1min (9-30-26)/IMG_20260930_224051_514.jpg,chronological rank within class/reaction-time folders; physical strip ID not embedded in metadata,REGISTERED,,0.8219856389218712,182 163 118,67.6123 0.2206 25.9420,42.188 0.351648 0.713725,0.393089 0.352052 0.254860,9918,IMAGE_QUALITY_ACCEPTABLE,,OFFICIAL_TIME_CONTINUOUS_COLOR_MODEL,8.004981,0.205019,8.046364316,0.163635684,Estimated
SA-13,SA,Pawikan,1 minute,8.21,AA-PS 1min (9-30-26)/IMG_20260930_224111_646.jpg,chronological rank within class/reaction-time folders; physical strip ID not embedded in metadata,REGISTERED,,0.864158319662885,189 133 104,60.4230 17.9684 24.2075,20.471 0.449735 0.741176,0.443662 0.312207 0.244131,8433,IMAGE_QUALITY_ACCEPTABLE,,OFFICIAL_TIME_CONTINUOUS_COLOR_MODEL,8.210000,0.000000,8.210000000,0.000000000,Estimated
SA-14,SA,Pawikan,1 minute,8.21,AA-PS 1min (9-30-26)/IMG_20260930_224124_760.jpg,chronological rank within class/reaction-time folders; physical strip ID not embedded in metadata,REGISTERED,,0.8376208021881163,190 131 109,60.1464 20.0280 21.0485,16.296 0.426316 0.745098,0.441860 0.304651 0.253488,8754,IMAGE_QUALITY_ACCEPTABLE,,OFFICIAL_TIME_CONTINUOUS_COLOR_MODEL,7.887238,0.322762,7.992771380,0.217228620,Estimated
SA-15,SA,Pawikan,1 minute,8.21,AA-PS 1min (9-30-26)/IMG_20260930_224139_922.jpg,chronological rank within class/reaction-time folders; physical strip ID not embedded in metadata,REGISTERED,,0.8322583596507672,176 123 86,56.1577 16.3089 28.4044,24.667 0.511364 0.690196,0.457143 0.319481 0.223377,8316,IMAGE_QUALITY_ACCEPTABLE,,OFFICIAL_TIME_CONTINUOUS_COLOR_MODEL,8.047615,0.162385,8.183616115,0.026383885,Estimated
