sample_id,sample_id_basis,class,canonical_site,reaction_time,lab_ph,label_source,image,capture_time,pairing_provenance,registration_status,registration_confidence,ph_roi_rgb,ph_roi_lab_d65,ph_roi_sample_count,ph_roi_detection_confidence,ph_color_quality,ph_color_quality_reasons,calibration_eligible,evaluation_status,hsv_grouped_5fold_combined_oof_ph,hsv_grouped_5fold_combined_abs_error,hsv_grouped_5fold_1min_oof_ph,hsv_grouped_5fold_1min_abs_error,hsv_grouped_5fold_20min_oof_ph,hsv_grouped_5fold_20min_abs_error
A-01,INFERRED_CHRONOLOGICAL_ORDINAL_PAIRING_NOT_CONFIRMED,A,Well,1 minute,7.22,Client-confirmed class-to-laboratory-pH mapping in task attachment dated 2026-10-04; no individual strip-level lab readings were supplied.,A-W 1min (9-30-26)/IMG_20260930_231455_174.jpg,231455_174,chronological rank within class/reaction-time folders; physical strip ID not embedded in metadata,REGISTERED,0.840650863438222,"[141,152,115]","[61.09542304884978,-10.642931634821718,18.201780310084082]",9656,0.8569837399338767,IMAGE_QUALITY_ACCEPTABLE,[],true,INCLUDED_IN_OFFLINE_MODEL_EVALUATION,6.602275463565182,0.6177245364348174,7.304253897605683,0.08425389760568347,,
A-01,INFERRED_CHRONOLOGICAL_ORDINAL_PAIRING_NOT_CONFIRMED,A,Well,20 minutes,7.22,Client-confirmed class-to-laboratory-pH mapping in task attachment dated 2026-10-04; no individual strip-level lab readings were supplied.,A-W 20min (9-30-26)/IMG_20260930_234200_085.jpg,234200_085,chronological rank within class/reaction-time folders; physical strip ID not embedded in metadata,REGISTERED,0.832679555719634,"[186,178,142]","[72.38440057491371,-3.0145869859751206,19.468606415538602]",9668,0.8451718772394254,IMAGE_QUALITY_ACCEPTABLE,[],true,INCLUDED_IN_OFFLINE_MODEL_EVALUATION,7.772337158395015,0.552337158395015,,,7.662587059487943,0.4425870594879431
A-02,INFERRED_CHRONOLOGICAL_ORDINAL_PAIRING_NOT_CONFIRMED,A,Well,1 minute,7.22,Client-confirmed class-to-laboratory-pH mapping in task attachment dated 2026-10-04; no individual strip-level lab readings were supplied.,A-W 1min (9-30-26)/IMG_20260930_231521_469.jpg,231521_469,chronological rank within class/reaction-time folders; physical strip ID not embedded in metadata,REGISTERED,0.8363990505026924,"[156,153,117]","[62.621596112963715,-4.960724305428766,19.372733023345432]",9813,0.888745373509888,IMAGE_QUALITY_ACCEPTABLE,[],true,INCLUDED_IN_OFFLINE_MODEL_EVALUATION,6.900044618592262,0.3199553814077376,7.254499437701422,0.03449943770142205,,
A-02,INFERRED_CHRONOLOGICAL_ORDINAL_PAIRING_NOT_CONFIRMED,A,Well,20 minutes,7.22,Client-confirmed class-to-laboratory-pH mapping in task attachment dated 2026-10-04; no individual strip-level lab readings were supplied.,A-W 20min (9-30-26)/IMG_20260930_234237_081.jpg,234237_081,chronological rank within class/reaction-time folders; physical strip ID not embedded in metadata,REGISTERED,0.8460113786112209,"[174,174,135]","[70.19028339893401,-6.543581703193357,20.091173856567135]",9096,0.8696497811131957,IMAGE_QUALITY_ACCEPTABLE,[],true,INCLUDED_IN_OFFLINE_MODEL_EVALUATION,7.264577998961804,0.044577998961804255,,,7.382145075968802,0.16214507596880257
A-03,INFERRED_CHRONOLOGICAL_ORDINAL_PAIRING_NOT_CONFIRMED,A,Well,1 minute,7.22,Client-confirmed class-to-laboratory-pH mapping in task attachment dated 2026-10-04; no individual strip-level lab readings were supplied.,A-W 1min (9-30-26)/IMG_20260930_231538_259.jpg,231538_259,chronological rank within class/reaction-time folders; physical strip ID not embedded in metadata,REGISTERED,0.8539565332931887,"[159,151,117]","[62.32919624783874,-2.6686131853251305,19.015102398858552]",10239,0.835854945565503,IMAGE_QUALITY_ACCEPTABLE,[],true,INCLUDED_IN_OFFLINE_MODEL_EVALUATION,7.09033705436888,0.1296629456311198,7.381664895538176,0.1616648955381761,,
A-03,INFERRED_CHRONOLOGICAL_ORDINAL_PAIRING_NOT_CONFIRMED,A,Well,20 minutes,7.22,Client-confirmed class-to-laboratory-pH mapping in task attachment dated 2026-10-04; no individual strip-level lab readings were supplied.,A-W 20min (9-30-26)/IMG_20260930_234247_335.jpg,234247_335,chronological rank within class/reaction-time folders; physical strip ID not embedded in metadata,REGISTERED,0.8859920168507884,"[173,181,140]","[72.11178449620544,-9.871073732598045,20.009868430173228]",9886,0.8699577143136875,IMAGE_QUALITY_ACCEPTABLE,[],true,INCLUDED_IN_OFFLINE_MODEL_EVALUATION,7.461830601445755,0.24183060144575563,,,5.486162256573501,1.7338377434264984
A-04,INFERRED_CHRONOLOGICAL_ORDINAL_PAIRING_NOT_CONFIRMED,A,Well,1 minute,7.22,Client-confirmed class-to-laboratory-pH mapping in task attachment dated 2026-10-04; no individual strip-level lab readings were supplied.,A-W 1min (9-30-26)/IMG_20260930_231554_752.jpg,231554_752,chronological rank within class/reaction-time folders; physical strip ID not embedded in metadata,REGISTERED,0.8202517354387402,"[170,143,102]","[60.91515865085722,4.297007356150129,25.60303781903084]",9813,0.867608336853427,IMAGE_QUALITY_ACCEPTABLE,[],true,INCLUDED_IN_OFFLINE_MODEL_EVALUATION,7.8797838330727785,0.6597838330727788,7.86313823452918,0.6431382345291805,,
A-04,INFERRED_CHRONOLOGICAL_ORDINAL_PAIRING_NOT_CONFIRMED,A,Well,20 minutes,7.22,Client-confirmed class-to-laboratory-pH mapping in task attachment dated 2026-10-04; no individual strip-level lab readings were supplied.,A-W 20min (9-30-26)/IMG_20260930_234257_372.jpg,234257_372,chronological rank within class/reaction-time folders; physical strip ID not embedded in metadata,REGISTERED,0.8407951506296498,"[187,175,117]","[71.22127885129807,-4.296990802736323,31.313108419822576]",9510,0.843984234115634,IMAGE_QUALITY_ACCEPTABLE,[],true,INCLUDED_IN_OFFLINE_MODEL_EVALUATION,8.222083822402375,1.0020838224023754,,,7.64269708930645,0.42269708930645056
A-05,INFERRED_CHRONOLOGICAL_ORDINAL_PAIRING_NOT_CONFIRMED,A,Well,1 minute,7.22,Client-confirmed class-to-laboratory-pH mapping in task attachment dated 2026-10-04; no individual strip-level lab readings were supplied.,A-W 1min (9-30-26)/IMG_20260930_231609_593.jpg,231609_593,chronological rank within class/reaction-time folders; physical strip ID not embedded in metadata,REGISTERED,0.8323112531371291,"[162,144,109]","[60.5452132478042,1.301567673555215,21.091095366151592]",9437,0.8741708903460101,IMAGE_QUALITY_ACCEPTABLE,[],true,INCLUDED_IN_OFFLINE_MODEL_EVALUATION,7.4548187875218845,0.2348187875218848,7.558784408655665,0.3387844086556653,,
A-05,INFERRED_CHRONOLOGICAL_ORDINAL_PAIRING_NOT_CONFIRMED,A,Well,20 minutes,7.22,Client-confirmed class-to-laboratory-pH mapping in task attachment dated 2026-10-04; no individual strip-level lab readings were supplied.,A-W 20min (9-30-26)/IMG_20260930_234306_522.jpg,234306_522,chronological rank within class/reaction-time folders; physical strip ID not embedded in metadata,REGISTERED,0.845365308798345,"[182,174,135]","[70.84832612804054,-3.4345232926430436,21.098226772829864]",9747,0.8612829079715079,IMAGE_QUALITY_ACCEPTABLE,[],true,INCLUDED_IN_OFFLINE_MODEL_EVALUATION,7.667296383155387,0.4472963831553871,,,7.69027966241158,0.47027966241158037
A-06,INFERRED_CHRONOLOGICAL_ORDINAL_PAIRING_NOT_CONFIRMED,A,Well,1 minute,7.22,Client-confirmed class-to-laboratory-pH mapping in task attachment dated 2026-10-04; no individual strip-level lab readings were supplied.,A-W 1min (9-30-26)/IMG_20260930_231629_961.jpg,231629_961,chronological rank within class/reaction-time folders; physical strip ID not embedded in metadata,REGISTERED,0.8635096767502225,"[167,151,116]","[63.019703822499366,0.4181829065912357,20.62769710523331]",9736,0.8712685338744952,IMAGE_QUALITY_ACCEPTABLE,[],true,INCLUDED_IN_OFFLINE_MODEL_EVALUATION,7.534365503789041,0.31436550378904116,7.578665212731804,0.35866521273180396,,
A-06,INFERRED_CHRONOLOGICAL_ORDINAL_PAIRING_NOT_CONFIRMED,A,Well,20 minutes,7.22,Client-confirmed class-to-laboratory-pH mapping in task attachment dated 2026-10-04; no individual strip-level lab readings were supplied.,A-W 20min (9-30-26)/IMG_20260930_234315_248.jpg,234315_248,chronological rank within class/reaction-time folders; physical strip ID not embedded in metadata,REGISTERED,0.8457772125896383,"[183,171,133]","[70.09701254710588,-1.7175760405724882,21.170879919584728]",10026,0.7626560556718915,IMAGE_QUALITY_ACCEPTABLE,[],true,INCLUDED_IN_OFFLINE_MODEL_EVALUATION,7.82770729734089,0.6077072973408901,,,7.842736594169525,0.6227365941695249
A-07,INFERRED_CHRONOLOGICAL_ORDINAL_PAIRING_NOT_CONFIRMED,A,Well,1 minute,7.22,Client-confirmed class-to-laboratory-pH mapping in task attachment dated 2026-10-04; no individual strip-level lab readings were supplied.,A-W 1min (9-30-26)/IMG_20260930_231642_295.jpg,231642_295,chronological rank within class/reaction-time folders; physical strip ID not embedded in metadata,REGISTERED,0.8335871361589418,"[167,156,123]","[64.50213621827052,-1.3437826620165683,18.77373568081586]",9272,0.8388513990514126,IMAGE_QUALITY_ACCEPTABLE,[],true,INCLUDED_IN_OFFLINE_MODEL_EVALUATION,7.357703971677916,0.13770397167791604,7.435835368672262,0.21583536867226183,,
A-07,INFERRED_CHRONOLOGICAL_ORDINAL_PAIRING_NOT_CONFIRMED,A,Well,20 minutes,7.22,Client-confirmed class-to-laboratory-pH mapping in task attachment dated 2026-10-04; no individual strip-level lab readings were supplied.,A-W 20min (9-30-26)/IMG_20260930_234324_537.jpg,234324_537,chronological rank within class/reaction-time folders; physical strip ID not embedded in metadata,REGISTERED,0.8694521349114599,"[190,180,142]","[73.24837164758623,-2.530735473778134,20.70941186083044]",10138,0.8387048268732473,IMAGE_QUALITY_ACCEPTABLE,[],true,INCLUDED_IN_OFFLINE_MODEL_EVALUATION,7.89889491476764,0.67889491476764,,,7.626858854199116,0.4068588541991165
A-08,INFERRED_CHRONOLOGICAL_ORDINAL_PAIRING_NOT_CONFIRMED,A,Well,1 minute,7.22,Client-confirmed class-to-laboratory-pH mapping in task attachment dated 2026-10-04; no individual strip-level lab readings were supplied.,A-W 1min (9-30-26)/IMG_20260930_231704_325.jpg,231704_325,chronological rank within class/reaction-time folders; physical strip ID not embedded in metadata,REGISTERED,0.8362531431751095,"[150,145,123]","[60.037750769626896,-2.0211341420910967,12.35690418415163]",9512,0.856548344682067,IMAGE_QUALITY_ACCEPTABLE,[],true,INCLUDED_IN_OFFLINE_MODEL_EVALUATION,6.681843273717744,0.5381567262822555,7.0150228096187845,0.2049771903812152,,
A-08,INFERRED_CHRONOLOGICAL_ORDINAL_PAIRING_NOT_CONFIRMED,A,Well,20 minutes,7.22,Client-confirmed class-to-laboratory-pH mapping in task attachment dated 2026-10-04; no individual strip-level lab readings were supplied.,A-W 20min (9-30-26)/IMG_20260930_234334_889.jpg,234334_889,chronological rank within class/reaction-time folders; physical strip ID not embedded in metadata,REGISTERED,0.8300837574266736,"[184,178,125]","[71.90154906707704,-6.10735385392458,27.91861960709432]",8801,0.8456469632960086,IMAGE_QUALITY_ACCEPTABLE,[],true,INCLUDED_IN_OFFLINE_MODEL_EVALUATION,7.797691131419457,0.5776911314194573,,,7.482263411228171,0.26226341122817143
A-09,INFERRED_CHRONOLOGICAL_ORDINAL_PAIRING_NOT_CONFIRMED,A,Well,1 minute,7.22,Client-confirmed class-to-laboratory-pH mapping in task attachment dated 2026-10-04; no individual strip-level lab readings were supplied.,A-W 1min (9-30-26)/IMG_20260930_231715_720.jpg,231715_720,chronological rank within class/reaction-time folders; physical strip ID not embedded in metadata,REGISTERED,0.8461740352918933,"[136,142,126]","[58.11914056223935,-5.252073044633654,7.777609332125901]",10009,0.8407530615118466,IMAGE_QUALITY_ACCEPTABLE,[],true,INCLUDED_IN_OFFLINE_MODEL_EVALUATION,6.031449057668864,1.188550942331136,6.903726092933203,0.3162739070667966,,
A-09,INFERRED_CHRONOLOGICAL_ORDINAL_PAIRING_NOT_CONFIRMED,A,Well,20 minutes,7.22,Client-confirmed class-to-laboratory-pH mapping in task attachment dated 2026-10-04; no individual strip-level lab readings were supplied.,A-W 20min (9-30-26)/IMG_20260930_234356_376.jpg,234356_376,chronological rank within class/reaction-time folders; physical strip ID not embedded in metadata,REGISTERED,0.8412240833355963,"[194,185,151]","[75.0780682934233,-2.3525808239335255,18.435037793129005]",9792,0.8515698803137922,IMAGE_QUALITY_ACCEPTABLE,[],true,INCLUDED_IN_OFFLINE_MODEL_EVALUATION,7.939680666843299,0.7196806668432991,,,7.593920698532271,0.37392069853227117
A-10,INFERRED_CHRONOLOGICAL_ORDINAL_PAIRING_NOT_CONFIRMED,A,Well,1 minute,7.22,Client-confirmed class-to-laboratory-pH mapping in task attachment dated 2026-10-04; no individual strip-level lab readings were supplied.,A-W 1min (9-30-26)/IMG_20260930_231729_289.jpg,231729_289,chronological rank within class/reaction-time folders; physical strip ID not embedded in metadata,REGISTERED,0.8901932427722421,"[146,158,138]","[63.67171432338259,-8.096609451844872,9.006920715312216]",9785,0.8569513704949812,IMAGE_QUALITY_ACCEPTABLE,[],true,INCLUDED_IN_OFFLINE_MODEL_EVALUATION,6.494503511732057,0.7254964882679431,7.390479976765988,0.17047997676598836,,
A-10,INFERRED_CHRONOLOGICAL_ORDINAL_PAIRING_NOT_CONFIRMED,A,Well,20 minutes,7.22,Client-confirmed class-to-laboratory-pH mapping in task attachment dated 2026-10-04; no individual strip-level lab readings were supplied.,A-W 20min (9-30-26)/IMG_20260930_234412_014.jpg,234412_014,chronological rank within class/reaction-time folders; physical strip ID not embedded in metadata,REGISTERED,0.8583383692514457,"[198,187,148]","[75.87583713622593,-2.30591504641231,21.198265612985367]",10393,0.8805141272299992,IMAGE_QUALITY_ACCEPTABLE,[],true,INCLUDED_IN_OFFLINE_MODEL_EVALUATION,8.162369208519417,0.9423692085194171,,,7.539974033246673,0.3199740332466732
A-11,INFERRED_CHRONOLOGICAL_ORDINAL_PAIRING_NOT_CONFIRMED,A,Well,1 minute,7.22,Client-confirmed class-to-laboratory-pH mapping in task attachment dated 2026-10-04; no individual strip-level lab readings were supplied.,A-W 1min (9-30-26)/IMG_20260930_231745_528.jpg,231745_528,chronological rank within class/reaction-time folders; physical strip ID not embedded in metadata,REGISTERED,0.8228387684852998,"[142,146,103]","[59.240036884053794,-8.798100887744075,22.37231724338613]",10006,0.8400784958379522,IMAGE_QUALITY_ACCEPTABLE,[],true,INCLUDED_IN_OFFLINE_MODEL_EVALUATION,6.613527082950389,0.6064729170496106,7.241829679565873,0.021829679565873228,,
A-11,INFERRED_CHRONOLOGICAL_ORDINAL_PAIRING_NOT_CONFIRMED,A,Well,20 minutes,7.22,Client-confirmed class-to-laboratory-pH mapping in task attachment dated 2026-10-04; no individual strip-level lab readings were supplied.,A-W 20min (9-30-26)/IMG_20260930_234422_316.jpg,234422_316,chronological rank within class/reaction-time folders; physical strip ID not embedded in metadata,REGISTERED,0.8473017166613027,"[189,181,133]","[73.25972159351647,-4.677270987156035,25.541486591809658]",10553,0.8247720358579368,IMAGE_QUALITY_ACCEPTABLE,[],true,INCLUDED_IN_OFFLINE_MODEL_EVALUATION,7.889503136361266,0.669503136361266,,,7.494707520225286,0.2747075202252862
A-12,INFERRED_CHRONOLOGICAL_ORDINAL_PAIRING_NOT_CONFIRMED,A,Well,1 minute,7.22,Client-confirmed class-to-laboratory-pH mapping in task attachment dated 2026-10-04; no individual strip-level lab readings were supplied.,A-W 1min (9-30-26)/IMG_20260930_231757_543.jpg,231757_543,chronological rank within class/reaction-time folders; physical strip ID not embedded in metadata,REGISTERED,0.8343993757468415,"[155,150,124]","[61.85810599313716,-2.6577854759465835,14.401315323486052]",9745,0.8873985104504745,IMAGE_QUALITY_ACCEPTABLE,[],true,INCLUDED_IN_OFFLINE_MODEL_EVALUATION,6.893297575690738,0.32670242430926155,7.159202441644022,0.060797558355977444,,
A-12,INFERRED_CHRONOLOGICAL_ORDINAL_PAIRING_NOT_CONFIRMED,A,Well,20 minutes,7.22,Client-confirmed class-to-laboratory-pH mapping in task attachment dated 2026-10-04; no individual strip-level lab readings were supplied.,A-W 20min (9-30-26)/IMG_20260930_234434_165.jpg,234434_165,chronological rank within class/reaction-time folders; physical strip ID not embedded in metadata,REGISTERED,0.8409093966144046,"[187,174,130]","[71.17982943774886,-2.147808710899257,24.320303887855776]",10117,0.8873175728210769,IMAGE_QUALITY_ACCEPTABLE,[],true,INCLUDED_IN_OFFLINE_MODEL_EVALUATION,7.984051445677475,0.7640514456774756,,,7.763736979597279,0.5437369795972788
A-13,INFERRED_CHRONOLOGICAL_ORDINAL_PAIRING_NOT_CONFIRMED,A,Well,1 minute,7.22,Client-confirmed class-to-laboratory-pH mapping in task attachment dated 2026-10-04; no individual strip-level lab readings were supplied.,A-W 1min (9-30-26)/IMG_20260930_231813_359.jpg,231813_359,chronological rank within class/reaction-time folders; physical strip ID not embedded in metadata,REGISTERED,0.843063208779662,"[156,145,121]","[60.51575617761675,0.034690284235805446,14.231701702713305]",9476,0.8441579902521399,IMAGE_QUALITY_ACCEPTABLE,[],true,INCLUDED_IN_OFFLINE_MODEL_EVALUATION,7.073800202297262,0.14619979770273783,7.234743726747804,0.014743726747804331,,
A-13,INFERRED_CHRONOLOGICAL_ORDINAL_PAIRING_NOT_CONFIRMED,A,Well,20 minutes,7.22,Client-confirmed class-to-laboratory-pH mapping in task attachment dated 2026-10-04; no individual strip-level lab readings were supplied.,A-W 20min (9-30-26)/IMG_20260930_234447_534.jpg,234447_534,chronological rank within class/reaction-time folders; physical strip ID not embedded in metadata,REGISTERED,0.8317868971112597,"[186,175,138]","[71.51077789388098,-1.9856558190399776,20.434149469209206]",9696,0.8523563880268772,IMAGE_QUALITY_ACCEPTABLE,[],true,INCLUDED_IN_OFFLINE_MODEL_EVALUATION,7.852153392612699,0.6321533926126994,,,7.7698919554230175,0.5498919554230177
A-14,INFERRED_CHRONOLOGICAL_ORDINAL_PAIRING_NOT_CONFIRMED,A,Well,1 minute,7.22,Client-confirmed class-to-laboratory-pH mapping in task attachment dated 2026-10-04; no individual strip-level lab readings were supplied.,A-W 1min (9-30-26)/IMG_20260930_231827_611.jpg,231827_611,chronological rank within class/reaction-time folders; physical strip ID not embedded in metadata,REGISTERED,0.8470599289313822,"[160,160,119]","[64.92089838916823,-6.866515834978271,21.451831856108083]",9229,0.8841279227160596,IMAGE_QUALITY_ACCEPTABLE,[],true,INCLUDED_IN_OFFLINE_MODEL_EVALUATION,6.989589615166269,0.2304103848337311,7.344604075223635,0.12460407522363504,,
A-14,INFERRED_CHRONOLOGICAL_ORDINAL_PAIRING_NOT_CONFIRMED,A,Well,20 minutes,7.22,Client-confirmed class-to-laboratory-pH mapping in task attachment dated 2026-10-04; no individual strip-level lab readings were supplied.,A-W 20min (9-30-26)/IMG_20260930_234457_204.jpg,234457_204,chronological rank within class/reaction-time folders; physical strip ID not embedded in metadata,REGISTERED,0.8462443648465734,"[193,182,144]","[74.06674140825429,-2.1499823505371496,20.795409645382136]",9388,0.8588659890834204,IMAGE_QUALITY_ACCEPTABLE,[],true,INCLUDED_IN_OFFLINE_MODEL_EVALUATION,8.024755931217467,0.8047559312174668,,,7.645331941352757,0.4253319413527574
A-15,INFERRED_CHRONOLOGICAL_ORDINAL_PAIRING_NOT_CONFIRMED,A,Well,1 minute,7.22,Client-confirmed class-to-laboratory-pH mapping in task attachment dated 2026-10-04; no individual strip-level lab readings were supplied.,A-W 1min (9-30-26)/IMG_20260930_231838_339.jpg,231838_339,chronological rank within class/reaction-time folders; physical strip ID not embedded in metadata,REGISTERED,0.8423290358416303,"[135,148,123]","[59.6718559430212,-9.458392363161316,11.667735726711847]",9030,0.8400179412901909,IMAGE_QUALITY_ACCEPTABLE,[],true,INCLUDED_IN_OFFLINE_MODEL_EVALUATION,6.203573493260084,1.0164265067399159,7.189253678231192,0.03074632176880776,,
A-15,INFERRED_CHRONOLOGICAL_ORDINAL_PAIRING_NOT_CONFIRMED,A,Well,20 minutes,7.22,Client-confirmed class-to-laboratory-pH mapping in task attachment dated 2026-10-04; no individual strip-level lab readings were supplied.,A-W 20min (9-30-26)/IMG_20260930_234509_649.jpg,234509_649,chronological rank within class/reaction-time folders; physical strip ID not embedded in metadata,REGISTERED,0.839249793599748,"[189,174,141]","[71.56516997583596,0.14068769237102208,18.921976085080683]",9130,0.8486120138028111,IMAGE_QUALITY_ACCEPTABLE,[],true,INCLUDED_IN_OFFLINE_MODEL_EVALUATION,7.954126776932872,0.7341267769328725,,,7.894376841566792,0.6743768415667919
SB-01,INFERRED_CHRONOLOGICAL_ORDINAL_PAIRING_NOT_CONFIRMED,SB,Fish Farm,1 minute,8.16,Client-confirmed class-to-laboratory-pH mapping in task attachment dated 2026-10-04; no individual strip-level lab readings were supplied.,C-FS 1min (9-30-26)/IMG_20260930_232338_567.jpg,232338_567,chronological rank within class/reaction-time folders; physical strip ID not embedded in metadata,REGISTERED,0.8239537479254573,"[173,127,93]","[56.933918775017986,13.499599209684188,25.4322881505054]",9041,0.8310796046815399,IMAGE_QUALITY_ACCEPTABLE,[],true,INCLUDED_IN_OFFLINE_MODEL_EVALUATION,8.224655496542761,0.06465549654276082,8.069884721537687,0.0901152784623136,,
SB-01,INFERRED_CHRONOLOGICAL_ORDINAL_PAIRING_NOT_CONFIRMED,SB,Fish Farm,20 minutes,8.16,Client-confirmed class-to-laboratory-pH mapping in task attachment dated 2026-10-04; no individual strip-level lab readings were supplied.,C-FS 20min (9-30-26)/IMG_20260930_234801_855.jpg,234801_855,chronological rank within class/reaction-time folders; physical strip ID not embedded in metadata,REGISTERED,0.836336346769815,"[173,160,126]","[66.16158740065984,-0.7095911135410748,19.4765241424421]",9509,0.8637080819296579,IMAGE_QUALITY_ACCEPTABLE,[],true,INCLUDED_IN_OFFLINE_MODEL_EVALUATION,7.576426306687354,0.5835736933126459,,,8.094304585901915,0.06569541409808544
SB-02,INFERRED_CHRONOLOGICAL_ORDINAL_PAIRING_NOT_CONFIRMED,SB,Fish Farm,1 minute,8.16,Client-confirmed class-to-laboratory-pH mapping in task attachment dated 2026-10-04; no individual strip-level lab readings were supplied.,C-FS 1min (9-30-26)/IMG_20260930_232357_354.jpg,232357_354,chronological rank within class/reaction-time folders; physical strip ID not embedded in metadata,REGISTERED,0.8259591707710059,"[169,130,91]","[57.22824231712893,9.907588385010213,26.84896388130583]",9869,0.8298226808279782,IMAGE_QUALITY_ACCEPTABLE,[],true,INCLUDED_IN_OFFLINE_MODEL_EVALUATION,8.0632287544703,0.09677124552970007,7.972091237352576,0.1879087626474245,,
SB-02,INFERRED_CHRONOLOGICAL_ORDINAL_PAIRING_NOT_CONFIRMED,SB,Fish Farm,20 minutes,8.16,Client-confirmed class-to-laboratory-pH mapping in task attachment dated 2026-10-04; no individual strip-level lab readings were supplied.,C-FS 20min (9-30-26)/IMG_20260930_234818_243.jpg,234818_243,chronological rank within class/reaction-time folders; physical strip ID not embedded in metadata,REGISTERED,0.7994872022450196,"[184,165,122]","[68.39260945483797,0.45008411436814333,24.849304814071928]",10083,0.8330345939053958,IMAGE_QUALITY_ACCEPTABLE,[],true,INCLUDED_IN_OFFLINE_MODEL_EVALUATION,8.063209114001,0.09679088599900076,,,8.011452836484485,0.14854716351551467
SB-03,INFERRED_CHRONOLOGICAL_ORDINAL_PAIRING_NOT_CONFIRMED,SB,Fish Farm,1 minute,8.16,Client-confirmed class-to-laboratory-pH mapping in task attachment dated 2026-10-04; no individual strip-level lab readings were supplied.,C-FS 1min (9-30-26)/IMG_20260930_232409_061.jpg,232409_061,chronological rank within class/reaction-time folders; physical strip ID not embedded in metadata,REGISTERED,0.8360404202951476,"[171,134,96]","[58.559385927256216,9.050968378048974,25.846523355143745]",9506,0.8536402874018094,IMAGE_QUALITY_ACCEPTABLE,[],true,INCLUDED_IN_OFFLINE_MODEL_EVALUATION,8.048852170187761,0.11114782981223925,7.987273079600864,0.1727269203991364,,
SB-03,INFERRED_CHRONOLOGICAL_ORDINAL_PAIRING_NOT_CONFIRMED,SB,Fish Farm,20 minutes,8.16,Client-confirmed class-to-laboratory-pH mapping in task attachment dated 2026-10-04; no individual strip-level lab readings were supplied.,C-FS 20min (9-30-26)/IMG_20260930_234829_917.jpg,234829_917,chronological rank within class/reaction-time folders; physical strip ID not embedded in metadata,REGISTERED,0.836474963411854,"[183,166,128]","[68.6782719091034,0.29169446490778794,21.95869928272525]",9694,0.876407455330455,IMAGE_QUALITY_ACCEPTABLE,[],true,INCLUDED_IN_OFFLINE_MODEL_EVALUATION,7.923993284231358,0.2360067157686423,,,8.011185772241213,0.1488142277587876
SB-04,INFERRED_CHRONOLOGICAL_ORDINAL_PAIRING_NOT_CONFIRMED,SB,Fish Farm,1 minute,8.16,Client-confirmed class-to-laboratory-pH mapping in task attachment dated 2026-10-04; no individual strip-level lab readings were supplied.,C-FS 1min (9-30-26)/IMG_20260930_232422_607.jpg,232422_607,chronological rank within class/reaction-time folders; physical strip ID not embedded in metadata,REGISTERED,0.8576838382597134,"[180,135,102]","[59.88186304427536,12.922940086689039,24.425672406025846]",9223,0.8123812389754238,IMAGE_QUALITY_ACCEPTABLE,[],true,INCLUDED_IN_OFFLINE_MODEL_EVALUATION,8.356563613659763,0.19656361365976238,8.111252184658463,0.04874781534153705,,
SB-04,INFERRED_CHRONOLOGICAL_ORDINAL_PAIRING_NOT_CONFIRMED,SB,Fish Farm,20 minutes,8.16,Client-confirmed class-to-laboratory-pH mapping in task attachment dated 2026-10-04; no individual strip-level lab readings were supplied.,C-FS 20min (9-30-26)/IMG_20260930_234841_272.jpg,234841_272,chronological rank within class/reaction-time folders; physical strip ID not embedded in metadata,REGISTERED,0.8691760461346025,"[185,174,133]","[71.06406992897506,-2.535565260265382,22.51623518561383]",9190,0.8114802944667324,IMAGE_QUALITY_ACCEPTABLE,[],true,INCLUDED_IN_OFFLINE_MODEL_EVALUATION,7.854024910638643,0.30597508936135753,,,7.73999506664081,0.4200049333591904
SB-05,INFERRED_CHRONOLOGICAL_ORDINAL_PAIRING_NOT_CONFIRMED,SB,Fish Farm,1 minute,8.16,Client-confirmed class-to-laboratory-pH mapping in task attachment dated 2026-10-04; no individual strip-level lab readings were supplied.,C-FS 1min (9-30-26)/IMG_20260930_232433_379.jpg,232433_379,chronological rank within class/reaction-time folders; physical strip ID not embedded in metadata,REGISTERED,0.8431049227279321,"[176,146,110]","[62.43586888519965,6.083091758948722,23.309256338470142]",9935,0.8497237222378017,IMAGE_QUALITY_ACCEPTABLE,[],true,INCLUDED_IN_OFFLINE_MODEL_EVALUATION,8.029107932024552,0.1308920679754486,7.864269110937542,0.29573088906245815,,
SB-05,INFERRED_CHRONOLOGICAL_ORDINAL_PAIRING_NOT_CONFIRMED,SB,Fish Farm,20 minutes,8.16,Client-confirmed class-to-laboratory-pH mapping in task attachment dated 2026-10-04; no individual strip-level lab readings were supplied.,C-FS 20min (9-30-26)/IMG_20260930_234852_466.jpg,234852_466,chronological rank within class/reaction-time folders; physical strip ID not embedded in metadata,REGISTERED,0.838174551185484,"[185,174,136]","[71.12175023627461,-2.122052830785981,20.9713948363081]",9862,0.8539337618131004,IMAGE_QUALITY_ACCEPTABLE,[],true,INCLUDED_IN_OFFLINE_MODEL_EVALUATION,7.851101637960166,0.3088983620398338,,,7.770464174728828,0.3895358252711718
SB-06,INFERRED_CHRONOLOGICAL_ORDINAL_PAIRING_NOT_CONFIRMED,SB,Fish Farm,1 minute,8.16,Client-confirmed class-to-laboratory-pH mapping in task attachment dated 2026-10-04; no individual strip-level lab readings were supplied.,C-FS 1min (9-30-26)/IMG_20260930_232445_033.jpg,232445_033,chronological rank within class/reaction-time folders; physical strip ID not embedded in metadata,REGISTERED,0.813758552459543,"[171,141,101]","[60.470272171416056,5.709307899881333,25.586873792293762]",9277,0.8415108214540997,IMAGE_QUALITY_ACCEPTABLE,[],true,INCLUDED_IN_OFFLINE_MODEL_EVALUATION,7.9283683315081825,0.2316316684918176,7.8643501571987615,0.2956498428012386,,
SB-06,INFERRED_CHRONOLOGICAL_ORDINAL_PAIRING_NOT_CONFIRMED,SB,Fish Farm,20 minutes,8.16,Client-confirmed class-to-laboratory-pH mapping in task attachment dated 2026-10-04; no individual strip-level lab readings were supplied.,C-FS 20min (9-30-26)/IMG_20260930_234904_068.jpg,234904_068,chronological rank within class/reaction-time folders; physical strip ID not embedded in metadata,REGISTERED,0.8064773015188764,"[177,165,129]","[67.90490165996054,-1.4117980340001002,20.27212150669493]",9685,0.8556929614268088,IMAGE_QUALITY_ACCEPTABLE,[],true,INCLUDED_IN_OFFLINE_MODEL_EVALUATION,7.6404242193646486,0.5195757806353516,,,7.9622460881679915,0.19775391183200863
SB-07,INFERRED_CHRONOLOGICAL_ORDINAL_PAIRING_NOT_CONFIRMED,SB,Fish Farm,1 minute,8.16,Client-confirmed class-to-laboratory-pH mapping in task attachment dated 2026-10-04; no individual strip-level lab readings were supplied.,C-FS 1min (9-30-26)/IMG_20260930_232457_548.jpg,232457_548,chronological rank within class/reaction-time folders; physical strip ID not embedded in metadata,STRIP_REGISTRATION_FAILED,,,,,,UNAVAILABLE,[],false,EXCLUDED_REGISTRATION_FAILED,,,,,,
SB-07,INFERRED_CHRONOLOGICAL_ORDINAL_PAIRING_NOT_CONFIRMED,SB,Fish Farm,20 minutes,8.16,Client-confirmed class-to-laboratory-pH mapping in task attachment dated 2026-10-04; no individual strip-level lab readings were supplied.,C-FS 20min (9-30-26)/IMG_20260930_234913_562.jpg,234913_562,chronological rank within class/reaction-time folders; physical strip ID not embedded in metadata,REGISTERED,0.8554785085013048,"[188,176,131]","[71.81331024121249,-2.6859133113418254,24.6511060597723]",11046,0.7743187997144607,IMAGE_QUALITY_ACCEPTABLE,[],true,INCLUDED_IN_OFFLINE_MODEL_EVALUATION,8.04565141102267,0.11434858897733058,,,7.712377360057213,0.4476226399427867
SB-08,INFERRED_CHRONOLOGICAL_ORDINAL_PAIRING_NOT_CONFIRMED,SB,Fish Farm,1 minute,8.16,Client-confirmed class-to-laboratory-pH mapping in task attachment dated 2026-10-04; no individual strip-level lab readings were supplied.,C-FS 1min (9-30-26)/IMG_20260930_232508_770.jpg,232508_770,chronological rank within class/reaction-time folders; physical strip ID not embedded in metadata,REGISTERED,0.8236050830523791,"[181,141,99]","[61.460592888606215,9.677408238732088,28.177498010744138]",9995,0.8430076767145227,IMAGE_QUALITY_ACCEPTABLE,[],true,INCLUDED_IN_OFFLINE_MODEL_EVALUATION,8.364746942832758,0.20474694283275774,8.157304775042286,0.0026952249577139042,,
SB-08,INFERRED_CHRONOLOGICAL_ORDINAL_PAIRING_NOT_CONFIRMED,SB,Fish Farm,20 minutes,8.16,Client-confirmed class-to-laboratory-pH mapping in task attachment dated 2026-10-04; no individual strip-level lab readings were supplied.,C-FS 20min (9-30-26)/IMG_20260930_234922_932.jpg,234922_932,chronological rank within class/reaction-time folders; physical strip ID not embedded in metadata,REGISTERED,0.8308576914802399,"[183,166,124]","[68.60329196307136,-0.23506175706661248,24.032145452305098]",9796,0.8543576070882589,IMAGE_QUALITY_ACCEPTABLE,[],true,INCLUDED_IN_OFFLINE_MODEL_EVALUATION,7.934697087061856,0.22530291293814386,,,7.945610142426624,0.21438985757337647
SB-09,INFERRED_CHRONOLOGICAL_ORDINAL_PAIRING_NOT_CONFIRMED,SB,Fish Farm,1 minute,8.16,Client-confirmed class-to-laboratory-pH mapping in task attachment dated 2026-10-04; no individual strip-level lab readings were supplied.,C-FS 1min (9-30-26)/IMG_20260930_232522_647.jpg,232522_647,chronological rank within class/reaction-time folders; physical strip ID not embedded in metadata,REGISTERED,0.83595586555222,"[189,141,109]","[62.486313289034186,14.084057896988023,24.167836316141678]",10239,0.8583155926230753,IMAGE_QUALITY_ACCEPTABLE,[],true,INCLUDED_IN_OFFLINE_MODEL_EVALUATION,8.598795886335578,0.4387958863355781,8.214916059058014,0.054916059058014,,
SB-09,INFERRED_CHRONOLOGICAL_ORDINAL_PAIRING_NOT_CONFIRMED,SB,Fish Farm,20 minutes,8.16,Client-confirmed class-to-laboratory-pH mapping in task attachment dated 2026-10-04; no individual strip-level lab readings were supplied.,C-FS 20min (9-30-26)/IMG_20260930_234937_572.jpg,234937_572,chronological rank within class/reaction-time folders; physical strip ID not embedded in metadata,REGISTERED,0.8326670823245308,"[192,177,132]","[72.44044180002926,-1.5054719097767344,25.018239818370304]",10869,0.8606620460175336,IMAGE_QUALITY_ACCEPTABLE,[],true,INCLUDED_IN_OFFLINE_MODEL_EVALUATION,8.147076958765059,0.01292304123494148,,,7.734942101124401,0.4250578988755995
SB-10,INFERRED_CHRONOLOGICAL_ORDINAL_PAIRING_NOT_CONFIRMED,SB,Fish Farm,1 minute,8.16,Client-confirmed class-to-laboratory-pH mapping in task attachment dated 2026-10-04; no individual strip-level lab readings were supplied.,C-FS 1min (9-30-26)/IMG_20260930_232540_255.jpg,232540_255,chronological rank within class/reaction-time folders; physical strip ID not embedded in metadata,STRIP_REGISTRATION_FAILED,,,,,,UNAVAILABLE,[],false,EXCLUDED_REGISTRATION_FAILED,,,,,,
SB-10,INFERRED_CHRONOLOGICAL_ORDINAL_PAIRING_NOT_CONFIRMED,SB,Fish Farm,20 minutes,8.16,Client-confirmed class-to-laboratory-pH mapping in task attachment dated 2026-10-04; no individual strip-level lab readings were supplied.,C-FS 20min (9-30-26)/IMG_20260930_234954_013.jpg,234954_013,chronological rank within class/reaction-time folders; physical strip ID not embedded in metadata,REGISTERED,0.8435969051943387,"[183,162,117]","[67.42200644376003,1.0445398345368395,26.246668261769223]",10205,0.8439288996720278,IMAGE_QUALITY_ACCEPTABLE,[],true,INCLUDED_IN_OFFLINE_MODEL_EVALUATION,8.0251423547022,0.13485764529779942,,,8.001110847412662,0.1588891525873386
SB-11,INFERRED_CHRONOLOGICAL_ORDINAL_PAIRING_NOT_CONFIRMED,SB,Fish Farm,1 minute,8.16,Client-confirmed class-to-laboratory-pH mapping in task attachment dated 2026-10-04; no individual strip-level lab readings were supplied.,C-FS 1min (9-30-26)/IMG_20260930_232602_165.jpg,232602_165,chronological rank within class/reaction-time folders; physical strip ID not embedded in metadata,REGISTERED,0.8405185297848792,"[165,123,76]","[54.75019816624469,10.657343757156323,31.879360969124082]",9177,0.861426944160586,IMAGE_QUALITY_ACCEPTABLE,[],true,INCLUDED_IN_OFFLINE_MODEL_EVALUATION,8.063852707850035,0.09614729214996487,8.082919444956117,0.07708055504388334,,
SB-11,INFERRED_CHRONOLOGICAL_ORDINAL_PAIRING_NOT_CONFIRMED,SB,Fish Farm,20 minutes,8.16,Client-confirmed class-to-laboratory-pH mapping in task attachment dated 2026-10-04; no individual strip-level lab readings were supplied.,C-FS 20min (9-30-26)/IMG_20260930_235007_874.jpg,235007_874,chronological rank within class/reaction-time folders; physical strip ID not embedded in metadata,REGISTERED,0.8386024859613636,"[169,147,103]","[61.8975385975521,1.786197612300977,26.329426511622888]",9465,0.8652134712860355,IMAGE_QUALITY_ACCEPTABLE,[],true,INCLUDED_IN_OFFLINE_MODEL_EVALUATION,7.741910736160445,0.4180892638395548,,,8.266220668164193,0.10622066816419284
SB-12,INFERRED_CHRONOLOGICAL_ORDINAL_PAIRING_NOT_CONFIRMED,SB,Fish Farm,1 minute,8.16,Client-confirmed class-to-laboratory-pH mapping in task attachment dated 2026-10-04; no individual strip-level lab readings were supplied.,C-FS 1min (9-30-26)/IMG_20260930_232616_765.jpg,232616_765,chronological rank within class/reaction-time folders; physical strip ID not embedded in metadata,REGISTERED,0.841652200322383,"[173,118,84]","[54.5359322116398,17.65904861634182,27.371262521886596]",10499,0.8468535781048824,IMAGE_QUALITY_ACCEPTABLE,[],true,INCLUDED_IN_OFFLINE_MODEL_EVALUATION,8.437727427166474,0.27772742716647336,8.223558117069038,0.06355811706903758,,
SB-12,INFERRED_CHRONOLOGICAL_ORDINAL_PAIRING_NOT_CONFIRMED,SB,Fish Farm,20 minutes,8.16,Client-confirmed class-to-laboratory-pH mapping in task attachment dated 2026-10-04; no individual strip-level lab readings were supplied.,C-FS 20min (9-30-26)/IMG_20260930_235021_504.jpg,235021_504,chronological rank within class/reaction-time folders; physical strip ID not embedded in metadata,REGISTERED,0.81239114831915,"[179,146,101]","[62.57733947625758,6.287998804343442,28.496918722212516]",10209,0.8742773538463946,IMAGE_QUALITY_ACCEPTABLE,[],true,INCLUDED_IN_OFFLINE_MODEL_EVALUATION,8.204651280904272,0.044651280904272284,,,8.461489367274517,0.3014893672745167
SB-13,INFERRED_CHRONOLOGICAL_ORDINAL_PAIRING_NOT_CONFIRMED,SB,Fish Farm,1 minute,8.16,Client-confirmed class-to-laboratory-pH mapping in task attachment dated 2026-10-04; no individual strip-level lab readings were supplied.,C-FS 1min (9-30-26)/IMG_20260930_232629_603.jpg,232629_603,chronological rank within class/reaction-time folders; physical strip ID not embedded in metadata,REGISTERED,0.8405052841501359,"[185,126,90]","[58.01470467021612,18.79442739065479,28.774980613508983]",10499,0.8710101326513365,IMAGE_QUALITY_ACCEPTABLE,[],true,INCLUDED_IN_OFFLINE_MODEL_EVALUATION,8.69085832053965,0.5308583205396502,8.40691990817736,0.2469199081773592,,
SB-13,INFERRED_CHRONOLOGICAL_ORDINAL_PAIRING_NOT_CONFIRMED,SB,Fish Farm,20 minutes,8.16,Client-confirmed class-to-laboratory-pH mapping in task attachment dated 2026-10-04; no individual strip-level lab readings were supplied.,C-FS 20min (9-30-26)/IMG_20260930_235041_353.jpg,235041_353,chronological rank within class/reaction-time folders; physical strip ID not embedded in metadata,REGISTERED,0.8250782280195618,"[170,146,105]","[61.761874708355805,2.9937404185281236,25.068646558932663]",10338,0.8461111432221531,IMAGE_QUALITY_ACCEPTABLE,[],true,INCLUDED_IN_OFFLINE_MODEL_EVALUATION,7.810628629653488,0.3493713703465122,,,8.411347030524,0.2513470305240002
SB-14,INFERRED_CHRONOLOGICAL_ORDINAL_PAIRING_NOT_CONFIRMED,SB,Fish Farm,1 minute,8.16,Client-confirmed class-to-laboratory-pH mapping in task attachment dated 2026-10-04; no individual strip-level lab readings were supplied.,C-FS 1min (9-30-26)/IMG_20260930_232645_803.jpg,232645_803,chronological rank within class/reaction-time folders; physical strip ID not embedded in metadata,STRIP_REGISTRATION_FAILED,,,,,,UNAVAILABLE,[],false,EXCLUDED_REGISTRATION_FAILED,,,,,,
SB-14,INFERRED_CHRONOLOGICAL_ORDINAL_PAIRING_NOT_CONFIRMED,SB,Fish Farm,20 minutes,8.16,Client-confirmed class-to-laboratory-pH mapping in task attachment dated 2026-10-04; no individual strip-level lab readings were supplied.,C-FS 20min (9-30-26)/IMG_20260930_235139_673.jpg,235139_673,chronological rank within class/reaction-time folders; physical strip ID not embedded in metadata,REGISTERED,0.7772735572609383,"[183,167,132]","[69.01965125867387,0.2958769197853872,20.24267577361336]",10716,0.9030260325789827,IMAGE_QUALITY_ACCEPTABLE,[],true,INCLUDED_IN_OFFLINE_MODEL_EVALUATION,7.886390548556241,0.27360945144375926,,,8.02195570830708,0.13804429169291943
SB-15,INFERRED_CHRONOLOGICAL_ORDINAL_PAIRING_NOT_CONFIRMED,SB,Fish Farm,1 minute,8.16,Client-confirmed class-to-laboratory-pH mapping in task attachment dated 2026-10-04; no individual strip-level lab readings were supplied.,C-FS 1min (9-30-26)/IMG_20260930_232701_283.jpg,232701_283,chronological rank within class/reaction-time folders; physical strip ID not embedded in metadata,REGISTERED,0.846805177164465,"[175,137,105]","[59.91292264763604,10.074191442332737,22.696398432584708]",9045,0.8468806161745828,IMAGE_QUALITY_ACCEPTABLE,[],true,INCLUDED_IN_OFFLINE_MODEL_EVALUATION,8.160650104171493,0.0006501041714930267,7.9684476948291785,0.19155230517082167,,
SB-15,INFERRED_CHRONOLOGICAL_ORDINAL_PAIRING_NOT_CONFIRMED,SB,Fish Farm,20 minutes,8.16,Client-confirmed class-to-laboratory-pH mapping in task attachment dated 2026-10-04; no individual strip-level lab readings were supplied.,C-FS 20min (9-30-26)/IMG_20260930_235151_643.jpg,235151_643,chronological rank within class/reaction-time folders; physical strip ID not embedded in metadata,REGISTERED,0.8320392418452045,"[176,165,128]","[67.7987107519708,-1.9470151282935944,20.659865614748906]",9232,0.8564866110783235,IMAGE_QUALITY_ACCEPTABLE,[],true,INCLUDED_IN_OFFLINE_MODEL_EVALUATION,7.593402606170668,0.5665973938293325,,,7.842693128332143,0.3173068716678573
SA-01,INFERRED_CHRONOLOGICAL_ORDINAL_PAIRING_NOT_CONFIRMED,SA,Pawikan,1 minute,8.21,Client-confirmed class-to-laboratory-pH mapping in task attachment dated 2026-10-04; no individual strip-level lab readings were supplied.,AA-PS 1min (9-30-26)/IMG_20260930_223737_993.jpg,223737_993,chronological rank within class/reaction-time folders; physical strip ID not embedded in metadata,REGISTERED,0.8412433072621283,"[186,135,104]","[60.57686259179614,15.625298370935404,24.350884434941555]",9050,0.8699009864803905,IMAGE_QUALITY_ACCEPTABLE,[],true,INCLUDED_IN_OFFLINE_MODEL_EVALUATION,8.584464628779385,0.3744646287793838,8.271390863302445,0.06139086330244403,,
SA-01,INFERRED_CHRONOLOGICAL_ORDINAL_PAIRING_NOT_CONFIRMED,SA,Pawikan,20 minutes,8.21,Client-confirmed class-to-laboratory-pH mapping in task attachment dated 2026-10-04; no individual strip-level lab readings were supplied.,AA-PS 20 mins (9-30-26)/IMG_20260930_230800_760.jpg,230800_760,chronological rank within class/reaction-time folders; physical strip ID not embedded in metadata,REGISTERED,0.8414034713476057,"[182,163,120]","[67.64803986585395,0.47094906109262924,24.905299119941304]",9620,0.8522060215158471,IMAGE_QUALITY_ACCEPTABLE,[],true,INCLUDED_IN_OFFLINE_MODEL_EVALUATION,7.9510681492416015,0.2589318507583993,,,7.995024492151737,0.2149755078482638
SA-02,INFERRED_CHRONOLOGICAL_ORDINAL_PAIRING_NOT_CONFIRMED,SA,Pawikan,1 minute,8.21,Client-confirmed class-to-laboratory-pH mapping in task attachment dated 2026-10-04; no individual strip-level lab readings were supplied.,AA-PS 1min (9-30-26)/IMG_20260930_223755_628.jpg,223755_628,chronological rank within class/reaction-time folders; physical strip ID not embedded in metadata,REGISTERED,0.8181298636452679,"[184,133,102]","[59.82250828144976,15.695118310876389,24.426942399873642]",8664,0.8594348929710169,IMAGE_QUALITY_ACCEPTABLE,[],true,INCLUDED_IN_OFFLINE_MODEL_EVALUATION,8.54273818116659,0.3327381811665884,8.250776770638213,0.040776770638212056,,
SA-02,INFERRED_CHRONOLOGICAL_ORDINAL_PAIRING_NOT_CONFIRMED,SA,Pawikan,20 minutes,8.21,Client-confirmed class-to-laboratory-pH mapping in task attachment dated 2026-10-04; no individual strip-level lab readings were supplied.,AA-PS 20 mins (9-30-26)/IMG_20260930_230815_963.jpg,230815_963,chronological rank within class/reaction-time folders; physical strip ID not embedded in metadata,REGISTERED,0.8259353178264563,"[183,166,117]","[68.47893730068785,-1.1141423230169312,27.647800728336904]",9988,0.8510908111381505,IMAGE_QUALITY_ACCEPTABLE,[],true,INCLUDED_IN_OFFLINE_MODEL_EVALUATION,7.964247108756337,0.24575289124366417,,,7.846016356798764,0.36398364320123644
SA-03,INFERRED_CHRONOLOGICAL_ORDINAL_PAIRING_NOT_CONFIRMED,SA,Pawikan,1 minute,8.21,Client-confirmed class-to-laboratory-pH mapping in task attachment dated 2026-10-04; no individual strip-level lab readings were supplied.,AA-PS 1min (9-30-26)/IMG_20260930_223811_990.jpg,223811_990,chronological rank within class/reaction-time folders; physical strip ID not embedded in metadata,REGISTERED,0.7982276944499704,"[192,133,107]","[60.82168988658863,19.51489138987972,23.12030324352927]",9401,0.8596680520153264,IMAGE_QUALITY_ACCEPTABLE,[],true,INCLUDED_IN_OFFLINE_MODEL_EVALUATION,8.815262592968592,0.6052625929685913,8.377871527427327,0.16787152742732658,,
SA-03,INFERRED_CHRONOLOGICAL_ORDINAL_PAIRING_NOT_CONFIRMED,SA,Pawikan,20 minutes,8.21,Client-confirmed class-to-laboratory-pH mapping in task attachment dated 2026-10-04; no individual strip-level lab readings were supplied.,AA-PS 20 mins (9-30-26)/IMG_20260930_230834_346.jpg,230834_346,chronological rank within class/reaction-time folders; physical strip ID not embedded in metadata,REGISTERED,0.7357213334779522,"[190,172,129]","[70.89739306828984,-0.01726370005356026,24.523465786228236]",10498,0.8655090020336689,IMAGE_QUALITY_ACCEPTABLE,[],true,INCLUDED_IN_OFFLINE_MODEL_EVALUATION,8.13330530743165,0.07669469256835093,,,7.853288574078882,0.3567114259211186
SA-04,INFERRED_CHRONOLOGICAL_ORDINAL_PAIRING_NOT_CONFIRMED,SA,Pawikan,1 minute,8.21,Client-confirmed class-to-laboratory-pH mapping in task attachment dated 2026-10-04; no individual strip-level lab readings were supplied.,AA-PS 1min (9-30-26)/IMG_20260930_223829_397.jpg,223829_397,chronological rank within class/reaction-time folders; physical strip ID not embedded in metadata,REGISTERED,0.8631662323421627,"[170,123,81]","[55.38800332064659,13.2789888472018,30.055116645699187]",8486,0.8801527876952343,IMAGE_QUALITY_ACCEPTABLE,[],true,INCLUDED_IN_OFFLINE_MODEL_EVALUATION,8.211439952582747,0.0014399525827464288,8.173208627925474,0.03679137207452676,,
SA-04,INFERRED_CHRONOLOGICAL_ORDINAL_PAIRING_NOT_CONFIRMED,SA,Pawikan,20 minutes,8.21,Client-confirmed class-to-laboratory-pH mapping in task attachment dated 2026-10-04; no individual strip-level lab readings were supplied.,AA-PS 20 mins (9-30-26)/IMG_20260930_230851_036.jpg,230851_036,chronological rank within class/reaction-time folders; physical strip ID not embedded in metadata,REGISTERED,0.858258276389246,"[169,136,80]","[58.62470478668992,5.457847039924468,34.60686269960901]",9006,0.8856410256410256,IMAGE_QUALITY_ACCEPTABLE,[],true,INCLUDED_IN_OFFLINE_MODEL_EVALUATION,8.035195168512569,0.17480483148743176,,,8.348460018114801,0.13846001811480058
SA-05,INFERRED_CHRONOLOGICAL_ORDINAL_PAIRING_NOT_CONFIRMED,SA,Pawikan,1 minute,8.21,Client-confirmed class-to-laboratory-pH mapping in task attachment dated 2026-10-04; no individual strip-level lab readings were supplied.,AA-PS 1min (9-30-26)/IMG_20260930_223847_111.jpg,223847_111,chronological rank within class/reaction-time folders; physical strip ID not embedded in metadata,REGISTERED,0.829765314522621,"[172,123,88]","[55.728542462729536,14.812019827480094,26.64289643909531]",8221,0.8489606812555651,IMAGE_QUALITY_ACCEPTABLE,[],true,INCLUDED_IN_OFFLINE_MODEL_EVALUATION,8.266636849792834,0.05663684979283268,8.135070295531424,0.07492970446857683,,
SA-05,INFERRED_CHRONOLOGICAL_ORDINAL_PAIRING_NOT_CONFIRMED,SA,Pawikan,20 minutes,8.21,Client-confirmed class-to-laboratory-pH mapping in task attachment dated 2026-10-04; no individual strip-level lab readings were supplied.,AA-PS 20 mins (9-30-26)/IMG_20260930_230915_953.jpg,230915_953,chronological rank within class/reaction-time folders; physical strip ID not embedded in metadata,REGISTERED,0.8460906050436525,"[170,135,84]","[58.52328896077121,6.824135396156839,32.360073173187565]",9497,0.8505915207590196,IMAGE_QUALITY_ACCEPTABLE,[],true,INCLUDED_IN_OFFLINE_MODEL_EVALUATION,8.085081209519357,0.1249187904806437,,,8.5588853205855,0.3488853205854987
SA-06,INFERRED_CHRONOLOGICAL_ORDINAL_PAIRING_NOT_CONFIRMED,SA,Pawikan,1 minute,8.21,Client-confirmed class-to-laboratory-pH mapping in task attachment dated 2026-10-04; no individual strip-level lab readings were supplied.,AA-PS 1min (9-30-26)/IMG_20260930_223911_161.jpg,223911_161,chronological rank within class/reaction-time folders; physical strip ID not embedded in metadata,REGISTERED,0.8354560926575189,"[178,134,89]","[59.194251244113616,11.288953707292325,30.671406147658974]",10443,0.793492744773983,IMAGE_QUALITY_ACCEPTABLE,[],true,INCLUDED_IN_OFFLINE_MODEL_EVALUATION,8.437108554123194,0.22710855412319297,8.220880698549987,0.010880698549986079,,
SA-06,INFERRED_CHRONOLOGICAL_ORDINAL_PAIRING_NOT_CONFIRMED,SA,Pawikan,20 minutes,8.21,Client-confirmed class-to-laboratory-pH mapping in task attachment dated 2026-10-04; no individual strip-level lab readings were supplied.,AA-PS 20 mins (9-30-26)/IMG_20260930_230936_433.jpg,230936_433,chronological rank within class/reaction-time folders; physical strip ID not embedded in metadata,REGISTERED,0.8255932871526308,"[179,155,109]","[65.06710011868766,2.2529741534231262,27.402220000039577]",9982,0.8492127928451884,IMAGE_QUALITY_ACCEPTABLE,[],true,INCLUDED_IN_OFFLINE_MODEL_EVALUATION,8.09574660923898,0.11425339076102148,,,8.169332207493364,0.04066779250663721
SA-07,INFERRED_CHRONOLOGICAL_ORDINAL_PAIRING_NOT_CONFIRMED,SA,Pawikan,1 minute,8.21,Client-confirmed class-to-laboratory-pH mapping in task attachment dated 2026-10-04; no individual strip-level lab readings were supplied.,AA-PS 1min (9-30-26)/IMG_20260930_223925_317.jpg,223925_317,chronological rank within class/reaction-time folders; physical strip ID not embedded in metadata,REGISTERED,0.8332821240256045,"[183,138,110]","[61.108432376508105,13.402964080376611,21.650983830793756]",8785,0.8459882701908287,IMAGE_QUALITY_ACCEPTABLE,[],true,INCLUDED_IN_OFFLINE_MODEL_EVALUATION,8.455702293601112,0.24570229360111107,8.11008605101694,0.09991394898306005,,
SA-07,INFERRED_CHRONOLOGICAL_ORDINAL_PAIRING_NOT_CONFIRMED,SA,Pawikan,20 minutes,8.21,Client-confirmed class-to-laboratory-pH mapping in task attachment dated 2026-10-04; no individual strip-level lab readings were supplied.,AA-PS 20 mins (9-30-26)/IMG_20260930_230952_312.jpg,230952_312,chronological rank within class/reaction-time folders; physical strip ID not embedded in metadata,REGISTERED,0.8352481943525926,"[188,178,136]","[72.43564914282648,-3.0790232695414588,22.80456600915177]",10203,0.8220035860774004,IMAGE_QUALITY_ACCEPTABLE,[],true,INCLUDED_IN_OFFLINE_MODEL_EVALUATION,7.882886342648158,0.32711365735184295,,,7.619105874420097,0.5908941255799043
SA-08,INFERRED_CHRONOLOGICAL_ORDINAL_PAIRING_NOT_CONFIRMED,SA,Pawikan,1 minute,8.21,Client-confirmed class-to-laboratory-pH mapping in task attachment dated 2026-10-04; no individual strip-level lab readings were supplied.,AA-PS 1min (9-30-26)/IMG_20260930_223945_565.jpg,223945_565,chronological rank within class/reaction-time folders; physical strip ID not embedded in metadata,REGISTERED,0.8478884881664921,"[188,152,120]","[65.36191945933264,8.903327324602417,21.926380793413557]",9740,0.8448422265390606,IMAGE_QUALITY_ACCEPTABLE,[],true,INCLUDED_IN_OFFLINE_MODEL_EVALUATION,8.30743052513523,0.09743052513522876,8.05725869271291,0.15274130728709068,,
SA-08,INFERRED_CHRONOLOGICAL_ORDINAL_PAIRING_NOT_CONFIRMED,SA,Pawikan,20 minutes,8.21,Client-confirmed class-to-laboratory-pH mapping in task attachment dated 2026-10-04; no individual strip-level lab readings were supplied.,AA-PS 20 mins (9-30-26)/IMG_20260930_231005_947.jpg,231005_947,chronological rank within class/reaction-time folders; physical strip ID not embedded in metadata,REGISTERED,0.8248677341874545,"[185,170,132]","[69.98684589058541,-0.529955722638753,21.59224905873749]",10698,0.8335008696464188,IMAGE_QUALITY_ACCEPTABLE,[],true,INCLUDED_IN_OFFLINE_MODEL_EVALUATION,7.930722115946471,0.2792778840535295,,,7.926513154390021,0.28348684560998016
SA-09,INFERRED_CHRONOLOGICAL_ORDINAL_PAIRING_NOT_CONFIRMED,SA,Pawikan,1 minute,8.21,Client-confirmed class-to-laboratory-pH mapping in task attachment dated 2026-10-04; no individual strip-level lab readings were supplied.,AA-PS 1min (9-30-26)/IMG_20260930_223958_005.jpg,223958_005,chronological rank within class/reaction-time folders; physical strip ID not embedded in metadata,REGISTERED,0.7819514367642799,"[168,170.5,162]","[69.3773818801356,-2.4711749084917467,4.064548913906751]",828,0.5597549235647474,IMAGE_QUALITY_INSUFFICIENT,"[""LOW_SATURATION""]",false,EXCLUDED_COLOR_QUALITY,,,,,,
SA-09,INFERRED_CHRONOLOGICAL_ORDINAL_PAIRING_NOT_CONFIRMED,SA,Pawikan,20 minutes,8.21,Client-confirmed class-to-laboratory-pH mapping in task attachment dated 2026-10-04; no individual strip-level lab readings were supplied.,AA-PS 20 mins (9-30-26)/IMG_20260930_231017_995.jpg,231017_995,chronological rank within class/reaction-time folders; physical strip ID not embedded in metadata,REGISTERED,0.8542695803208283,"[191,181,136]","[73.48232804951375,-3.494480095082242,24.26611752385699]",8969,0.8881679197659375,IMAGE_QUALITY_ACCEPTABLE,[],true,INCLUDED_IN_OFFLINE_MODEL_EVALUATION,7.960187789668452,0.249812210331549,,,7.554146692781855,0.6558533072181456
SA-10,INFERRED_CHRONOLOGICAL_ORDINAL_PAIRING_NOT_CONFIRMED,SA,Pawikan,1 minute,8.21,Client-confirmed class-to-laboratory-pH mapping in task attachment dated 2026-10-04; no individual strip-level lab readings were supplied.,AA-PS 1min (9-30-26)/IMG_20260930_224024_137.jpg,224024_137,chronological rank within class/reaction-time folders; physical strip ID not embedded in metadata,REGISTERED,0.820894157516677,"[180,150,112]","[63.90691646535225,5.763480963621836,24.241783642113425]",9631,0.8249718459994875,IMAGE_QUALITY_ACCEPTABLE,[],true,INCLUDED_IN_OFFLINE_MODEL_EVALUATION,8.126632175047458,0.08336782495254269,7.917979002056749,0.29202099794325154,,
SA-10,INFERRED_CHRONOLOGICAL_ORDINAL_PAIRING_NOT_CONFIRMED,SA,Pawikan,20 minutes,8.21,Client-confirmed class-to-laboratory-pH mapping in task attachment dated 2026-10-04; no individual strip-level lab readings were supplied.,AA-PS 20 mins (9-30-26)/IMG_20260930_231030_324.jpg,231030_324,chronological rank within class/reaction-time folders; physical strip ID not embedded in metadata,REGISTERED,0.8462604020727078,"[179,160,121]","[66.60153964176028,1.0150712378717563,22.906948399019168]",10954,0.7620427861422553,IMAGE_QUALITY_ACCEPTABLE,[],true,INCLUDED_IN_OFFLINE_MODEL_EVALUATION,7.895379238338258,0.31462076166174313,,,8.136555532829787,0.07344446717021391
SA-11,INFERRED_CHRONOLOGICAL_ORDINAL_PAIRING_NOT_CONFIRMED,SA,Pawikan,1 minute,8.21,Client-confirmed class-to-laboratory-pH mapping in task attachment dated 2026-10-04; no individual strip-level lab readings were supplied.,AA-PS 1min (9-30-26)/IMG_20260930_224037_870.jpg,224037_870,chronological rank within class/reaction-time folders; physical strip ID not embedded in metadata,STRIP_REGISTRATION_FAILED,,,,,,UNAVAILABLE,[],false,EXCLUDED_REGISTRATION_FAILED,,,,,,
SA-11,INFERRED_CHRONOLOGICAL_ORDINAL_PAIRING_NOT_CONFIRMED,SA,Pawikan,20 minutes,8.21,Client-confirmed class-to-laboratory-pH mapping in task attachment dated 2026-10-04; no individual strip-level lab readings were supplied.,AA-PS 20 mins (9-30-26)/IMG_20260930_231042_928.jpg,231042_928,chronological rank within class/reaction-time folders; physical strip ID not embedded in metadata,REGISTERED,0.8393430236471453,"[183,169,130]","[69.50933892205974,-1.0548560572219423,22.000007199022665]",10148,0.8722555821559137,IMAGE_QUALITY_ACCEPTABLE,[],true,INCLUDED_IN_OFFLINE_MODEL_EVALUATION,7.843559550862049,0.3664404491379516,,,7.86533205700595,0.3446679429940511
SA-12,INFERRED_CHRONOLOGICAL_ORDINAL_PAIRING_NOT_CONFIRMED,SA,Pawikan,1 minute,8.21,Client-confirmed class-to-laboratory-pH mapping in task attachment dated 2026-10-04; no individual strip-level lab readings were supplied.,AA-PS 1min (9-30-26)/IMG_20260930_224051_514.jpg,224051_514,chronological rank within class/reaction-time folders; physical strip ID not embedded in metadata,REGISTERED,0.8219856389218712,"[182,163,118]","[67.61229930935103,0.22057431903693692,25.941998971805557]",9918,0.8493094408720405,IMAGE_QUALITY_ACCEPTABLE,[],true,INCLUDED_IN_OFFLINE_MODEL_EVALUATION,7.981492675048505,0.2285073249514955,7.760491047511192,0.4495089524888085,,
SA-12,INFERRED_CHRONOLOGICAL_ORDINAL_PAIRING_NOT_CONFIRMED,SA,Pawikan,20 minutes,8.21,Client-confirmed class-to-laboratory-pH mapping in task attachment dated 2026-10-04; no individual strip-level lab readings were supplied.,AA-PS 20 mins (9-30-26)/IMG_20260930_231056_775.jpg,231056_775,chronological rank within class/reaction-time folders; physical strip ID not embedded in metadata,REGISTERED,0.8088724987042978,"[188,174,128]","[71.23007521050455,-2.0110641594002776,25.478498731319732]",11182,0.8171217272336927,IMAGE_QUALITY_ACCEPTABLE,[],true,INCLUDED_IN_OFFLINE_MODEL_EVALUATION,8.022859397158756,0.18714060284124479,,,7.735701145011123,0.474298854988878
SA-13,INFERRED_CHRONOLOGICAL_ORDINAL_PAIRING_NOT_CONFIRMED,SA,Pawikan,1 minute,8.21,Client-confirmed class-to-laboratory-pH mapping in task attachment dated 2026-10-04; no individual strip-level lab readings were supplied.,AA-PS 1min (9-30-26)/IMG_20260930_224111_646.jpg,224111_646,chronological rank within class/reaction-time folders; physical strip ID not embedded in metadata,REGISTERED,0.864158319662885,"[189,133,104]","[60.42304887574768,17.96837995860062,24.207516347240208]",8433,0.850725621003595,IMAGE_QUALITY_ACCEPTABLE,[],true,INCLUDED_IN_OFFLINE_MODEL_EVALUATION,8.627710174099414,0.4177101740994136,8.325427858665252,0.11542785866525129,,
SA-13,INFERRED_CHRONOLOGICAL_ORDINAL_PAIRING_NOT_CONFIRMED,SA,Pawikan,20 minutes,8.21,Client-confirmed class-to-laboratory-pH mapping in task attachment dated 2026-10-04; no individual strip-level lab readings were supplied.,AA-PS 20 mins (9-30-26)/IMG_20260930_231109_996.jpg,231109_996,chronological rank within class/reaction-time folders; physical strip ID not embedded in metadata,REGISTERED,0.8629535531658038,"[179,165,129]","[68.07945489596526,-0.6203222426675037,20.53902915608594]",9408,0.8362073727863155,IMAGE_QUALITY_ACCEPTABLE,[],true,INCLUDED_IN_OFFLINE_MODEL_EVALUATION,7.736323660416057,0.4736763395839443,,,8.012613123495383,0.19738687650461806
SA-14,INFERRED_CHRONOLOGICAL_ORDINAL_PAIRING_NOT_CONFIRMED,SA,Pawikan,1 minute,8.21,Client-confirmed class-to-laboratory-pH mapping in task attachment dated 2026-10-04; no individual strip-level lab readings were supplied.,AA-PS 1min (9-30-26)/IMG_20260930_224124_760.jpg,224124_760,chronological rank within class/reaction-time folders; physical strip ID not embedded in metadata,REGISTERED,0.8376208021881163,"[190,131,109]","[60.14639225007451,20.028027488733336,21.0485324549855]",8754,0.8767484754716631,IMAGE_QUALITY_ACCEPTABLE,[],true,INCLUDED_IN_OFFLINE_MODEL_EVALUATION,8.836380350234428,0.6263803502344274,8.316850995881573,0.10685099588157243,,
SA-14,INFERRED_CHRONOLOGICAL_ORDINAL_PAIRING_NOT_CONFIRMED,SA,Pawikan,20 minutes,8.21,Client-confirmed class-to-laboratory-pH mapping in task attachment dated 2026-10-04; no individual strip-level lab readings were supplied.,AA-PS 20 mins (9-30-26)/IMG_20260930_231216_797.jpg,231216_797,chronological rank within class/reaction-time folders; physical strip ID not embedded in metadata,REGISTERED,0.7953449058605389,"[180,151,111]","[64.14929944626577,5.093256723660455,25.11410306769395]",9955,0.8365943506280644,IMAGE_QUALITY_ACCEPTABLE,[],true,INCLUDED_IN_OFFLINE_MODEL_EVALUATION,8.118217421807405,0.09178257819259628,,,8.420246081549251,0.21024608154925062
SA-15,INFERRED_CHRONOLOGICAL_ORDINAL_PAIRING_NOT_CONFIRMED,SA,Pawikan,1 minute,8.21,Client-confirmed class-to-laboratory-pH mapping in task attachment dated 2026-10-04; no individual strip-level lab readings were supplied.,AA-PS 1min (9-30-26)/IMG_20260930_224139_922.jpg,224139_922,chronological rank within class/reaction-time folders; physical strip ID not embedded in metadata,REGISTERED,0.8322583596507672,"[176,123,86]","[56.157706853715,16.308863115840012,28.40436856999777]",8316,0.8841434618768339,IMAGE_QUALITY_ACCEPTABLE,[],true,INCLUDED_IN_OFFLINE_MODEL_EVALUATION,8.421099163859465,0.2110991638594637,8.239598806546617,0.029598806546616174,,
SA-15,INFERRED_CHRONOLOGICAL_ORDINAL_PAIRING_NOT_CONFIRMED,SA,Pawikan,20 minutes,8.21,Client-confirmed class-to-laboratory-pH mapping in task attachment dated 2026-10-04; no individual strip-level lab readings were supplied.,AA-PS 20 mins (9-30-26)/IMG_20260930_231230_208.jpg,231230_208,chronological rank within class/reaction-time folders; physical strip ID not embedded in metadata,REGISTERED,0.8425571941156158,"[185,168,136]","[69.53939799822297,1.1005352639470445,18.799535905496832]",9372,0.8596888632890406,IMAGE_QUALITY_ACCEPTABLE,[],true,INCLUDED_IN_OFFLINE_MODEL_EVALUATION,7.953020016237383,0.25697998376261744,,,8.056768324242956,0.15323167575704488
