"image","group","capture_date","capture_time","ph_roi_rgb","nitrite_roi_rgb","confirmed_ph","confirmed_nitrite","label_source","approved_for_calibration"
"A-W 1min (9-30-26)/IMG_20260930_231455_174.jpg","A-W 1min (9-30-26)","2026-09-30","23:14:55.174","[141,152,115]","[162,154,145]","","","Client dataset folder and image timestamp are metadata only; no explicit per-image pH or Nitrite label found in available notes.","NO"
"A-W 1min (9-30-26)/IMG_20260930_231521_469.jpg","A-W 1min (9-30-26)","2026-09-30","23:15:21.469","[156,153,117]","[165,162,155]","","","Client dataset folder and image timestamp are metadata only; no explicit per-image pH or Nitrite label found in available notes.","NO"
"A-W 1min (9-30-26)/IMG_20260930_231538_259.jpg","A-W 1min (9-30-26)","2026-09-30","23:15:38.259","[159,151,117]","[161,156,150]","","","Client dataset folder and image timestamp are metadata only; no explicit per-image pH or Nitrite label found in available notes.","NO"
"A-W 1min (9-30-26)/IMG_20260930_231554_752.jpg","A-W 1min (9-30-26)","2026-09-30","23:15:54.752","[170,143,102]","[166,160,153]","","","Client dataset folder and image timestamp are metadata only; no explicit per-image pH or Nitrite label found in available notes.","NO"
"A-W 1min (9-30-26)/IMG_20260930_231609_593.jpg","A-W 1min (9-30-26)","2026-09-30","23:16:09.593","[162,144,109]","[161,156,152]","","","Client dataset folder and image timestamp are metadata only; no explicit per-image pH or Nitrite label found in available notes.","NO"
"A-W 1min (9-30-26)/IMG_20260930_231629_961.jpg","A-W 1min (9-30-26)","2026-09-30","23:16:29.961","[167,151,116]","[163,156,148]","","","Client dataset folder and image timestamp are metadata only; no explicit per-image pH or Nitrite label found in available notes.","NO"
"A-W 1min (9-30-26)/IMG_20260930_231642_295.jpg","A-W 1min (9-30-26)","2026-09-30","23:16:42.295","[167,156,123]","[170,163,152]","","","Client dataset folder and image timestamp are metadata only; no explicit per-image pH or Nitrite label found in available notes.","NO"
"A-W 1min (9-30-26)/IMG_20260930_231704_325.jpg","A-W 1min (9-30-26)","2026-09-30","23:17:04.325","[150,145,123]","[170,153,146]","","","Client dataset folder and image timestamp are metadata only; no explicit per-image pH or Nitrite label found in available notes.","NO"
"A-W 1min (9-30-26)/IMG_20260930_231715_720.jpg","A-W 1min (9-30-26)","2026-09-30","23:17:15.720","[136,142,126]","[159,153,148]","","","Client dataset folder and image timestamp are metadata only; no explicit per-image pH or Nitrite label found in available notes.","NO"
"A-W 1min (9-30-26)/IMG_20260930_231729_289.jpg","A-W 1min (9-30-26)","2026-09-30","23:17:29.289","[146,158,138]","[161,159,155]","","","Client dataset folder and image timestamp are metadata only; no explicit per-image pH or Nitrite label found in available notes.","NO"
"A-W 1min (9-30-26)/IMG_20260930_231745_528.jpg","A-W 1min (9-30-26)","2026-09-30","23:17:45.528","[142,146,103]","[163,159,154]","","","Client dataset folder and image timestamp are metadata only; no explicit per-image pH or Nitrite label found in available notes.","NO"
"A-W 1min (9-30-26)/IMG_20260930_231757_543.jpg","A-W 1min (9-30-26)","2026-09-30","23:17:57.543","[155,150,124]","[160,156,151]","","","Client dataset folder and image timestamp are metadata only; no explicit per-image pH or Nitrite label found in available notes.","NO"
"A-W 1min (9-30-26)/IMG_20260930_231813_359.jpg","A-W 1min (9-30-26)","2026-09-30","23:18:13.359","[156,145,121]","[159,154,147]","","","Client dataset folder and image timestamp are metadata only; no explicit per-image pH or Nitrite label found in available notes.","NO"
"A-W 1min (9-30-26)/IMG_20260930_231827_611.jpg","A-W 1min (9-30-26)","2026-09-30","23:18:27.611","[160,160,119]","[172,168,163]","","","Client dataset folder and image timestamp are metadata only; no explicit per-image pH or Nitrite label found in available notes.","NO"
"A-W 1min (9-30-26)/IMG_20260930_231838_339.jpg","A-W 1min (9-30-26)","2026-09-30","23:18:38.339","[135,148,123]","[174,136,121]","","","Client dataset folder and image timestamp are metadata only; no explicit per-image pH or Nitrite label found in available notes.","NO"
"A-W 20min (9-30-26)/IMG_20260930_234200_085.jpg","A-W 20min (9-30-26)","2026-09-30","23:42:00.085","[186,178,142]","[184,171,165]","","","Client dataset folder and image timestamp are metadata only; no explicit per-image pH or Nitrite label found in available notes.","NO"
"A-W 20min (9-30-26)/IMG_20260930_234237_081.jpg","A-W 20min (9-30-26)","2026-09-30","23:42:37.081","[174,174,135]","[175,169,162]","","","Client dataset folder and image timestamp are metadata only; no explicit per-image pH or Nitrite label found in available notes.","NO"
"A-W 20min (9-30-26)/IMG_20260930_234247_335.jpg","A-W 20min (9-30-26)","2026-09-30","23:42:47.335","[173,181,140]","[175,172,167]","","","Client dataset folder and image timestamp are metadata only; no explicit per-image pH or Nitrite label found in available notes.","NO"
"A-W 20min (9-30-26)/IMG_20260930_234257_372.jpg","A-W 20min (9-30-26)","2026-09-30","23:42:57.372","[187,175,117]","[180,176,169]","","","Client dataset folder and image timestamp are metadata only; no explicit per-image pH or Nitrite label found in available notes.","NO"
"A-W 20min (9-30-26)/IMG_20260930_234306_522.jpg","A-W 20min (9-30-26)","2026-09-30","23:43:06.522","[182,174,135]","[176,172,164]","","","Client dataset folder and image timestamp are metadata only; no explicit per-image pH or Nitrite label found in available notes.","NO"
"A-W 20min (9-30-26)/IMG_20260930_234315_248.jpg","A-W 20min (9-30-26)","2026-09-30","23:43:15.248","[183,171,133]","[178,174,165]","","","Client dataset folder and image timestamp are metadata only; no explicit per-image pH or Nitrite label found in available notes.","NO"
"A-W 20min (9-30-26)/IMG_20260930_234324_537.jpg","A-W 20min (9-30-26)","2026-09-30","23:43:24.537","[190,180,142]","[187,179,172]","","","Client dataset folder and image timestamp are metadata only; no explicit per-image pH or Nitrite label found in available notes.","NO"
"A-W 20min (9-30-26)/IMG_20260930_234334_889.jpg","A-W 20min (9-30-26)","2026-09-30","23:43:34.889","[184,178,125]","[190,164,145]","","","Client dataset folder and image timestamp are metadata only; no explicit per-image pH or Nitrite label found in available notes.","NO"
"A-W 20min (9-30-26)/IMG_20260930_234356_376.jpg","A-W 20min (9-30-26)","2026-09-30","23:43:56.376","[194,185,151]","[186,180,173]","","","Client dataset folder and image timestamp are metadata only; no explicit per-image pH or Nitrite label found in available notes.","NO"
"A-W 20min (9-30-26)/IMG_20260930_234412_014.jpg","A-W 20min (9-30-26)","2026-09-30","23:44:12.014","[198,187,148]","[189,184,177]","","","Client dataset folder and image timestamp are metadata only; no explicit per-image pH or Nitrite label found in available notes.","NO"
"A-W 20min (9-30-26)/IMG_20260930_234422_316.jpg","A-W 20min (9-30-26)","2026-09-30","23:44:22.316","[189,181,133]","[178,174,169]","","","Client dataset folder and image timestamp are metadata only; no explicit per-image pH or Nitrite label found in available notes.","NO"
"A-W 20min (9-30-26)/IMG_20260930_234434_165.jpg","A-W 20min (9-30-26)","2026-09-30","23:44:34.165","[187,174,130]","[178,167,159]","","","Client dataset folder and image timestamp are metadata only; no explicit per-image pH or Nitrite label found in available notes.","NO"
"A-W 20min (9-30-26)/IMG_20260930_234447_534.jpg","A-W 20min (9-30-26)","2026-09-30","23:44:47.534","[186,175,138]","[176,175,170]","","","Client dataset folder and image timestamp are metadata only; no explicit per-image pH or Nitrite label found in available notes.","NO"
"A-W 20min (9-30-26)/IMG_20260930_234457_204.jpg","A-W 20min (9-30-26)","2026-09-30","23:44:57.204","[193,182,144]","[187,181,174]","","","Client dataset folder and image timestamp are metadata only; no explicit per-image pH or Nitrite label found in available notes.","NO"
"A-W 20min (9-30-26)/IMG_20260930_234509_649.jpg","A-W 20min (9-30-26)","2026-09-30","23:45:09.649","[189,174,141]","[188,181,170]","","","Client dataset folder and image timestamp are metadata only; no explicit per-image pH or Nitrite label found in available notes.","NO"
"AA-PS 1min (9-30-26)/IMG_20260930_223737_993.jpg","AA-PS 1min (9-30-26)","2026-09-30","22:37:37.993","[186,135,104]","[173,169,165]","","","Client dataset folder and image timestamp are metadata only; no explicit per-image pH or Nitrite label found in available notes.","NO"
"AA-PS 1min (9-30-26)/IMG_20260930_223755_628.jpg","AA-PS 1min (9-30-26)","2026-09-30","22:37:55.628","[184,133,102]","[165,162,158]","","","Client dataset folder and image timestamp are metadata only; no explicit per-image pH or Nitrite label found in available notes.","NO"
"AA-PS 1min (9-30-26)/IMG_20260930_223811_990.jpg","AA-PS 1min (9-30-26)","2026-09-30","22:38:11.990","[192,133,107]","[164,169,165]","","","Client dataset folder and image timestamp are metadata only; no explicit per-image pH or Nitrite label found in available notes.","NO"
"AA-PS 1min (9-30-26)/IMG_20260930_223829_397.jpg","AA-PS 1min (9-30-26)","2026-09-30","22:38:29.397","[170,123,81]","[166,156,141]","","","Client dataset folder and image timestamp are metadata only; no explicit per-image pH or Nitrite label found in available notes.","NO"
"AA-PS 1min (9-30-26)/IMG_20260930_223847_111.jpg","AA-PS 1min (9-30-26)","2026-09-30","22:38:47.111","[172,123,88]","[171,158,147]","","","Client dataset folder and image timestamp are metadata only; no explicit per-image pH or Nitrite label found in available notes.","NO"
"AA-PS 1min (9-30-26)/IMG_20260930_223911_161.jpg","AA-PS 1min (9-30-26)","2026-09-30","22:39:11.161","[178,134,89]","[168,156,127]","","","Client dataset folder and image timestamp are metadata only; no explicit per-image pH or Nitrite label found in available notes.","NO"
"AA-PS 1min (9-30-26)/IMG_20260930_223925_317.jpg","AA-PS 1min (9-30-26)","2026-09-30","22:39:25.317","[183,138,110]","[166,160,154]","","","Client dataset folder and image timestamp are metadata only; no explicit per-image pH or Nitrite label found in available notes.","NO"
"AA-PS 1min (9-30-26)/IMG_20260930_223945_565.jpg","AA-PS 1min (9-30-26)","2026-09-30","22:39:45.565","[188,152,120]","[170,163,157]","","","Client dataset folder and image timestamp are metadata only; no explicit per-image pH or Nitrite label found in available notes.","NO"
"AA-PS 1min (9-30-26)/IMG_20260930_223958_005.jpg","AA-PS 1min (9-30-26)","2026-09-30","22:39:58.005","[168,170.5,162]","[174,178,173]","","","Client dataset folder and image timestamp are metadata only; no explicit per-image pH or Nitrite label found in available notes.","NO"
"AA-PS 1min (9-30-26)/IMG_20260930_224024_137.jpg","AA-PS 1min (9-30-26)","2026-09-30","22:40:24.137","[180,150,112]","[169,160,152]","","","Client dataset folder and image timestamp are metadata only; no explicit per-image pH or Nitrite label found in available notes.","NO"
"AA-PS 1min (9-30-26)/IMG_20260930_224037_870.jpg","AA-PS 1min (9-30-26)","2026-09-30","22:40:37.870","","","","","Client dataset folder and image timestamp are metadata only; no explicit per-image pH or Nitrite label found in available notes.","NO"
"AA-PS 1min (9-30-26)/IMG_20260930_224051_514.jpg","AA-PS 1min (9-30-26)","2026-09-30","22:40:51.514","[182,163,118]","[171,165,162]","","","Client dataset folder and image timestamp are metadata only; no explicit per-image pH or Nitrite label found in available notes.","NO"
"AA-PS 1min (9-30-26)/IMG_20260930_224111_646.jpg","AA-PS 1min (9-30-26)","2026-09-30","22:41:11.646","[189,133,104]","[180,174,164]","","","Client dataset folder and image timestamp are metadata only; no explicit per-image pH or Nitrite label found in available notes.","NO"
"AA-PS 1min (9-30-26)/IMG_20260930_224124_760.jpg","AA-PS 1min (9-30-26)","2026-09-30","22:41:24.760","[190,131,109]","[176,170,165]","","","Client dataset folder and image timestamp are metadata only; no explicit per-image pH or Nitrite label found in available notes.","NO"
"AA-PS 1min (9-30-26)/IMG_20260930_224139_922.jpg","AA-PS 1min (9-30-26)","2026-09-30","22:41:39.922","[176,123,86]","[177,166,135]","","","Client dataset folder and image timestamp are metadata only; no explicit per-image pH or Nitrite label found in available notes.","NO"
"AA-PS 20 mins (9-30-26)/IMG_20260930_230800_760.jpg","AA-PS 20 mins (9-30-26)","2026-09-30","23:08:00.760","[182,163,120]","[167,160,158]","","","Client dataset folder and image timestamp are metadata only; no explicit per-image pH or Nitrite label found in available notes.","NO"
"AA-PS 20 mins (9-30-26)/IMG_20260930_230815_963.jpg","AA-PS 20 mins (9-30-26)","2026-09-30","23:08:15.963","[183,166,117]","[166,163,161]","","","Client dataset folder and image timestamp are metadata only; no explicit per-image pH or Nitrite label found in available notes.","NO"
"AA-PS 20 mins (9-30-26)/IMG_20260930_230834_346.jpg","AA-PS 20 mins (9-30-26)","2026-09-30","23:08:34.346","[190,172,129]","[156,161,158]","","","Client dataset folder and image timestamp are metadata only; no explicit per-image pH or Nitrite label found in available notes.","NO"
"AA-PS 20 mins (9-30-26)/IMG_20260930_230851_036.jpg","AA-PS 20 mins (9-30-26)","2026-09-30","23:08:51.036","[169,136,80]","[167,155,143]","","","Client dataset folder and image timestamp are metadata only; no explicit per-image pH or Nitrite label found in available notes.","NO"
"AA-PS 20 mins (9-30-26)/IMG_20260930_230915_953.jpg","AA-PS 20 mins (9-30-26)","2026-09-30","23:09:15.953","[170,135,84]","[172,156,145]","","","Client dataset folder and image timestamp are metadata only; no explicit per-image pH or Nitrite label found in available notes.","NO"
"AA-PS 20 mins (9-30-26)/IMG_20260930_230936_433.jpg","AA-PS 20 mins (9-30-26)","2026-09-30","23:09:36.433","[179,155,109]","[173,159,133]","","","Client dataset folder and image timestamp are metadata only; no explicit per-image pH or Nitrite label found in available notes.","NO"
"AA-PS 20 mins (9-30-26)/IMG_20260930_230952_312.jpg","AA-PS 20 mins (9-30-26)","2026-09-30","23:09:52.312","[188,178,136]","[179,174,170]","","","Client dataset folder and image timestamp are metadata only; no explicit per-image pH or Nitrite label found in available notes.","NO"
"AA-PS 20 mins (9-30-26)/IMG_20260930_231005_947.jpg","AA-PS 20 mins (9-30-26)","2026-09-30","23:10:05.947","[185,170,132]","[170,163,162]","","","Client dataset folder and image timestamp are metadata only; no explicit per-image pH or Nitrite label found in available notes.","NO"
"AA-PS 20 mins (9-30-26)/IMG_20260930_231017_995.jpg","AA-PS 20 mins (9-30-26)","2026-09-30","23:10:17.995","[191,181,136]","[186,177,178]","","","Client dataset folder and image timestamp are metadata only; no explicit per-image pH or Nitrite label found in available notes.","NO"
"AA-PS 20 mins (9-30-26)/IMG_20260930_231030_324.jpg","AA-PS 20 mins (9-30-26)","2026-09-30","23:10:30.324","[179,160,121]","[170,160,155]","","","Client dataset folder and image timestamp are metadata only; no explicit per-image pH or Nitrite label found in available notes.","NO"
"AA-PS 20 mins (9-30-26)/IMG_20260930_231042_928.jpg","AA-PS 20 mins (9-30-26)","2026-09-30","23:10:42.928","[183,169,130]","[169,163,161]","","","Client dataset folder and image timestamp are metadata only; no explicit per-image pH or Nitrite label found in available notes.","NO"
"AA-PS 20 mins (9-30-26)/IMG_20260930_231056_775.jpg","AA-PS 20 mins (9-30-26)","2026-09-30","23:10:56.775","[188,174,128]","[175,168,169]","","","Client dataset folder and image timestamp are metadata only; no explicit per-image pH or Nitrite label found in available notes.","NO"
"AA-PS 20 mins (9-30-26)/IMG_20260930_231109_996.jpg","AA-PS 20 mins (9-30-26)","2026-09-30","23:11:09.996","[179,165,129]","[176,165,161]","","","Client dataset folder and image timestamp are metadata only; no explicit per-image pH or Nitrite label found in available notes.","NO"
"AA-PS 20 mins (9-30-26)/IMG_20260930_231216_797.jpg","AA-PS 20 mins (9-30-26)","2026-09-30","23:12:16.797","[180,151,111]","[178,165,139]","","","Client dataset folder and image timestamp are metadata only; no explicit per-image pH or Nitrite label found in available notes.","NO"
"AA-PS 20 mins (9-30-26)/IMG_20260930_231230_208.jpg","AA-PS 20 mins (9-30-26)","2026-09-30","23:12:30.208","[185,168,136]","[172,164,165]","","","Client dataset folder and image timestamp are metadata only; no explicit per-image pH or Nitrite label found in available notes.","NO"
"C-FS 1min (9-30-26)/IMG_20260930_232338_567.jpg","C-FS 1min (9-30-26)","2026-09-30","23:23:38.567","[173,127,93]","[163,150,147]","","","Client dataset folder and image timestamp are metadata only; no explicit per-image pH or Nitrite label found in available notes.","NO"
"C-FS 1min (9-30-26)/IMG_20260930_232357_354.jpg","C-FS 1min (9-30-26)","2026-09-30","23:23:57.354","[169,130,91]","[159,146,122]","","","Client dataset folder and image timestamp are metadata only; no explicit per-image pH or Nitrite label found in available notes.","NO"
"C-FS 1min (9-30-26)/IMG_20260930_232409_061.jpg","C-FS 1min (9-30-26)","2026-09-30","23:24:09.061","[171,134,96]","[163,157,146]","","","Client dataset folder and image timestamp are metadata only; no explicit per-image pH or Nitrite label found in available notes.","NO"
"C-FS 1min (9-30-26)/IMG_20260930_232422_607.jpg","C-FS 1min (9-30-26)","2026-09-30","23:24:22.607","[180,135,102]","[169,160,150]","","","Client dataset folder and image timestamp are metadata only; no explicit per-image pH or Nitrite label found in available notes.","NO"
"C-FS 1min (9-30-26)/IMG_20260930_232433_379.jpg","C-FS 1min (9-30-26)","2026-09-30","23:24:33.379","[176,146,110]","[165,157,151]","","","Client dataset folder and image timestamp are metadata only; no explicit per-image pH or Nitrite label found in available notes.","NO"
"C-FS 1min (9-30-26)/IMG_20260930_232445_033.jpg","C-FS 1min (9-30-26)","2026-09-30","23:24:45.033","[171,141,101]","[160,154,145]","","","Client dataset folder and image timestamp are metadata only; no explicit per-image pH or Nitrite label found in available notes.","NO"
"C-FS 1min (9-30-26)/IMG_20260930_232457_548.jpg","C-FS 1min (9-30-26)","2026-09-30","23:24:57.548","","","","","Client dataset folder and image timestamp are metadata only; no explicit per-image pH or Nitrite label found in available notes.","NO"
"C-FS 1min (9-30-26)/IMG_20260930_232508_770.jpg","C-FS 1min (9-30-26)","2026-09-30","23:25:08.770","[181,141,99]","[167,162,157]","","","Client dataset folder and image timestamp are metadata only; no explicit per-image pH or Nitrite label found in available notes.","NO"
"C-FS 1min (9-30-26)/IMG_20260930_232522_647.jpg","C-FS 1min (9-30-26)","2026-09-30","23:25:22.647","[189,141,109]","[170,161,159]","","","Client dataset folder and image timestamp are metadata only; no explicit per-image pH or Nitrite label found in available notes.","NO"
"C-FS 1min (9-30-26)/IMG_20260930_232540_255.jpg","C-FS 1min (9-30-26)","2026-09-30","23:25:40.255","","","","","Client dataset folder and image timestamp are metadata only; no explicit per-image pH or Nitrite label found in available notes.","NO"
"C-FS 1min (9-30-26)/IMG_20260930_232602_165.jpg","C-FS 1min (9-30-26)","2026-09-30","23:26:02.165","[165,123,76]","[164,152,133]","","","Client dataset folder and image timestamp are metadata only; no explicit per-image pH or Nitrite label found in available notes.","NO"
"C-FS 1min (9-30-26)/IMG_20260930_232616_765.jpg","C-FS 1min (9-30-26)","2026-09-30","23:26:16.765","[173,118,84]","[157,136,94]","","","Client dataset folder and image timestamp are metadata only; no explicit per-image pH or Nitrite label found in available notes.","NO"
"C-FS 1min (9-30-26)/IMG_20260930_232629_603.jpg","C-FS 1min (9-30-26)","2026-09-30","23:26:29.603","[185,126,90]","[171,158,142]","","","Client dataset folder and image timestamp are metadata only; no explicit per-image pH or Nitrite label found in available notes.","NO"
"C-FS 1min (9-30-26)/IMG_20260930_232645_803.jpg","C-FS 1min (9-30-26)","2026-09-30","23:26:45.803","","","","","Client dataset folder and image timestamp are metadata only; no explicit per-image pH or Nitrite label found in available notes.","NO"
"C-FS 1min (9-30-26)/IMG_20260930_232701_283.jpg","C-FS 1min (9-30-26)","2026-09-30","23:27:01.283","[175,137,105]","[162,149,148]","","","Client dataset folder and image timestamp are metadata only; no explicit per-image pH or Nitrite label found in available notes.","NO"
"C-FS 20min (9-30-26)/IMG_20260930_234801_855.jpg","C-FS 20min (9-30-26)","2026-09-30","23:48:01.855","[173,160,126]","[175,159,155]","","","Client dataset folder and image timestamp are metadata only; no explicit per-image pH or Nitrite label found in available notes.","NO"
"C-FS 20min (9-30-26)/IMG_20260930_234818_243.jpg","C-FS 20min (9-30-26)","2026-09-30","23:48:18.243","[184,165,122]","[175,163,134]","","","Client dataset folder and image timestamp are metadata only; no explicit per-image pH or Nitrite label found in available notes.","NO"
"C-FS 20min (9-30-26)/IMG_20260930_234829_917.jpg","C-FS 20min (9-30-26)","2026-09-30","23:48:29.917","[183,166,128]","[176,163,155]","","","Client dataset folder and image timestamp are metadata only; no explicit per-image pH or Nitrite label found in available notes.","NO"
"C-FS 20min (9-30-26)/IMG_20260930_234841_272.jpg","C-FS 20min (9-30-26)","2026-09-30","23:48:41.272","[185,174,133]","[182,170,162]","","","Client dataset folder and image timestamp are metadata only; no explicit per-image pH or Nitrite label found in available notes.","NO"
"C-FS 20min (9-30-26)/IMG_20260930_234852_466.jpg","C-FS 20min (9-30-26)","2026-09-30","23:48:52.466","[185,174,136]","[176,165,162]","","","Client dataset folder and image timestamp are metadata only; no explicit per-image pH or Nitrite label found in available notes.","NO"
"C-FS 20min (9-30-26)/IMG_20260930_234904_068.jpg","C-FS 20min (9-30-26)","2026-09-30","23:49:04.068","[177,165,129]","[167,156,149]","","","Client dataset folder and image timestamp are metadata only; no explicit per-image pH or Nitrite label found in available notes.","NO"
"C-FS 20min (9-30-26)/IMG_20260930_234913_562.jpg","C-FS 20min (9-30-26)","2026-09-30","23:49:13.562","[188,176,131]","[179,170,161]","","","Client dataset folder and image timestamp are metadata only; no explicit per-image pH or Nitrite label found in available notes.","NO"
"C-FS 20min (9-30-26)/IMG_20260930_234922_932.jpg","C-FS 20min (9-30-26)","2026-09-30","23:49:22.932","[183,166,124]","[176,168,162]","","","Client dataset folder and image timestamp are metadata only; no explicit per-image pH or Nitrite label found in available notes.","NO"
"C-FS 20min (9-30-26)/IMG_20260930_234937_572.jpg","C-FS 20min (9-30-26)","2026-09-30","23:49:37.572","[192,177,132]","[180,169,169]","","","Client dataset folder and image timestamp are metadata only; no explicit per-image pH or Nitrite label found in available notes.","NO"
"C-FS 20min (9-30-26)/IMG_20260930_234954_013.jpg","C-FS 20min (9-30-26)","2026-09-30","23:49:54.013","[183,162,117]","[176,164,155]","","","Client dataset folder and image timestamp are metadata only; no explicit per-image pH or Nitrite label found in available notes.","NO"
"C-FS 20min (9-30-26)/IMG_20260930_235007_874.jpg","C-FS 20min (9-30-26)","2026-09-30","23:50:07.874","[169,147,103]","[170,158,138]","","","Client dataset folder and image timestamp are metadata only; no explicit per-image pH or Nitrite label found in available notes.","NO"
"C-FS 20min (9-30-26)/IMG_20260930_235021_504.jpg","C-FS 20min (9-30-26)","2026-09-30","23:50:21.504","[179,146,101]","[166,144,100]","","","Client dataset folder and image timestamp are metadata only; no explicit per-image pH or Nitrite label found in available notes.","NO"
"C-FS 20min (9-30-26)/IMG_20260930_235041_353.jpg","C-FS 20min (9-30-26)","2026-09-30","23:50:41.353","[170,146,105]","[168,149,135]","","","Client dataset folder and image timestamp are metadata only; no explicit per-image pH or Nitrite label found in available notes.","NO"
"C-FS 20min (9-30-26)/IMG_20260930_235139_673.jpg","C-FS 20min (9-30-26)","2026-09-30","23:51:39.673","[183,167,132]","[169,139,97]","","","Client dataset folder and image timestamp are metadata only; no explicit per-image pH or Nitrite label found in available notes.","NO"
"C-FS 20min (9-30-26)/IMG_20260930_235151_643.jpg","C-FS 20min (9-30-26)","2026-09-30","23:51:51.643","[176,165,128]","[168,154,154]","","","Client dataset folder and image timestamp are metadata only; no explicit per-image pH or Nitrite label found in available notes.","NO"
"backend/tests/fixtures/real-android-upad.jpg","unknown Android µPAD fixture","","","[187,134,104]","[173,169,164]","","","Client dataset folder and image timestamp are metadata only; no explicit per-image pH or Nitrite label found in available notes.","NO"
"backend/tests/fixtures/real-client-930-aw-1min.jpg","A-W 1min (fixture filename)","2026-09-30","","[141,152,115]","[162,154,145]","","","Client dataset folder and image timestamp are metadata only; no explicit per-image pH or Nitrite label found in available notes.","NO"
"backend/tests/fixtures/real-client-930-aw-ph2.jpg","A-W; reaction time unknown (fixture filename)","2026-09-30","","[135,148,123]","[174,136,121]","","","No explicit per-image chemistry mapping found. The ph2 filename token is uncorroborated and is not accepted as ground truth.","NO"
"backend/tests/fixtures/real-client-930-c-fs-landscape.jpg","C-FS; reaction time unknown (fixture filename)","2026-09-30","","[181,134,105]","[158,132,92]","","","No explicit per-image chemistry mapping found. The ph2 filename token is uncorroborated and is not accepted as ground truth.","NO"
"C:\Users\vince\AppData\Local\Temp\codex-clipboard-5478b951-85e7-40ce-b32b-f116c7b723ac.png","unknown; prior-task image attachment; portrait orientation","","","[158,160,117]","[170,167,162]","","","No accompanying explicit image-to-chemistry mapping found in available conversation or notes.","NO"
"C:\Users\vince\AppData\Local\Temp\codex-clipboard-683e011a-3b52-4f6b-b1b5-6575eb20032b.png","unknown; prior-task image attachment; landscape orientation","","","[172,143,119]","[159,152,149]","","","No accompanying explicit image-to-chemistry mapping found in available conversation or notes.","NO"
